xpath,variable_name,description,location_code_xsd,location_code,form,form_type,form_part,form_line_number,variable_scope,data_type_xsd,data_type_simple,rdb_relationship,rdb_table,required,versions,latest_version,duplicated,current_version,production_rule,validated
/Return/ReturnData/IRS990PF/SupplementaryInfomation/ContributingManager,PF_15_MGR_CONTR,Contributing Manager,,F990-PF-PART-15-LINE-01A,F990,PF,PART-15,Line 01a,PF,,text,ONE,PF-P15-T00-SUPPLEMENTARY-INFO,,,,,,,
/Return/ReturnData/IRS990PF/SupplementaryInformation/ContributingManager,PF_15_MGR_CONTR,Contributing Manager,[ContributingManager] Part XV Line 1a,F990-PF-PART-15-LINE-01A,F990,PF,PART-15,Line 01a,PF,,text,ONE,PF-P15-T00-SUPPLEMENTARY-INFO,,2009v1.0;2009v1.1;2009v1.2;2009v1.3;2009v1.4;2009v1.7;2010v3.2;2010v3.4;2010v3.6;2010v3.7;2011v1.2;2011v1.3;2011v1.4;2011v1.5;2012v2.0;2012v2.1;2012v2.2;2012v2.3;2012v3.0,2012,F,T,,
/Return/ReturnData/IRS990PF/SupplementaryInformationGrp/ContributingManagerNm,PF_15_MGR_CONTR,Contributing Manager,[ContributingManagerNm] Part XV Line 1a,F990-PF-PART-15-LINE-01A,F990,PF,PART-15,Line 01a,PF,,text,ONE,PF-P15-T00-SUPPLEMENTARY-INFO,,2013v3.0;2013v3.1;2013v4.0;2014v5.0;2014v6.0;2015v2.0;2015v2.1;2015v3.0;2016v3.0,2016,F,T,,
/Return/ReturnData/IRS990PF/SupplementaryInfomation/ShareholderManager,PF_15_MGR_SHAREHOLDER,Shareholder Manager,,F990-PF-PART-15-LINE-01B,F990,PF,PART-15,Line 01b,PF,,text,ONE,PF-P15-T00-SUPPLEMENTARY-INFO,,,,,,,
/Return/ReturnData/IRS990PF/SupplementaryInformation/ShareholderManager,PF_15_MGR_SHAREHOLDER,Shareholder Manager,[ShareholderManager] Part XV Line 1b,F990-PF-PART-15-LINE-01B,F990,PF,PART-15,Line 01b,PF,,text,ONE,PF-P15-T00-SUPPLEMENTARY-INFO,,2009v1.0;2009v1.1;2009v1.2;2009v1.3;2009v1.4;2009v1.7;2010v3.2;2010v3.4;2010v3.6;2010v3.7;2011v1.2;2011v1.3;2011v1.4;2011v1.5;2012v2.0;2012v2.1;2012v2.2;2012v2.3;2012v3.0,2012,F,T,,
/Return/ReturnData/IRS990PF/SupplementaryInformationGrp/ShareholderManagerNm,PF_15_MGR_SHAREHOLDER,Shareholder Manager,[ShareholderManagerNm] Part XV Line 1b,F990-PF-PART-15-LINE-01B,F990,PF,PART-15,Line 01b,PF,,text,ONE,PF-P15-T00-SUPPLEMENTARY-INFO,,2013v3.0;2013v3.1;2013v4.0;2014v5.0;2014v6.0;2015v2.0;2015v2.1;2015v3.0;2016v3.0,2016,F,T,,
/Return/ReturnData/IRS990PF/SupplementaryInfomation/OnlyContributesToPreselected,PF_15_CONTR_PRESELECTED_X,Only Contributes to Preselected Charitable Organizations,,F990-PF-PART-15-LINE-02,F990,PF,PART-15,Line 02,PF,,checkbox,ONE,PF-P15-T00-SUPPLEMENTARY-INFO,,,,,,,
/Return/ReturnData/IRS990PF/SupplementaryInformation/OnlyContributesToPreselected,PF_15_CONTR_PRESELECTED_X,Only Contributes to Preselected Charitable Organizations,[OnlyContributesToPreselected] Part XV Line 2,F990-PF-PART-15-LINE-02,F990,PF,PART-15,Line 02,PF,,checkbox,ONE,PF-P15-T00-SUPPLEMENTARY-INFO,,2009v1.0;2009v1.1;2009v1.2;2009v1.3;2009v1.4;2009v1.7;2010v3.2;2010v3.4;2010v3.6;2010v3.7;2011v1.2;2011v1.3;2011v1.4;2011v1.5;2012v2.0;2012v2.1;2012v2.2;2012v2.3;2012v3.0,2012,F,T,,
/Return/ReturnData/IRS990PF/SupplementaryInformationGrp/OnlyContriToPreselectedInd,PF_15_CONTR_PRESELECTED_X,Only Contributes to Preselected Charitable Organizations,[OnlyContriToPreselectedInd] Part XV Line 2,F990-PF-PART-15-LINE-02,F990,PF,PART-15,Line 02,PF,,checkbox,ONE,PF-P15-T00-SUPPLEMENTARY-INFO,,2013v3.0;2013v3.1;2013v4.0;2014v5.0;2014v6.0;2015v2.0;2015v2.1;2015v3.0;2016v3.0,2016,F,T,,
/Return/ReturnData/IRS990PF/SupplementaryInfomation/AppicationSubmissionInfo/RecipientForeignAddress/City,PF_15_G_APP_RECIP_ADDR_CITY,Recipient Foreign Address - City,,F990-PF-PART-15-LINE-02A,F990,PF,PART-15,Line 02a,PF,,text,ONE,PF-P15-T00-SUPPLEMENTARY-INFO-GRANT-APP,,,,,,,
/Return/ReturnData/IRS990PF/SupplementaryInfomation/AppicationSubmissionInfo/RecipientUSAddress/City,PF_15_G_APP_RECIP_ADDR_CITY,Recipient USAddress - City,,F990-PF-PART-15-LINE-02A,F990,PF,PART-15,Line 02a,PF,,text,ONE,PF-P15-T00-SUPPLEMENTARY-INFO-GRANT-APP,,,,,,,
/Return/ReturnData/IRS990PF/SupplementaryInformation/AppicationSubmissionInfo/RecipientForeignAddress/City,PF_15_G_APP_RECIP_ADDR_CITY,Recipient Foreign Address - City,[RecipientForeignAddress] Part XV Line 2a,F990-PF-PART-15-LINE-02A,F990,PF,PART-15,Line 02a,PF,,text,ONE,PF-P15-T00-SUPPLEMENTARY-INFO-GRANT-APP,,2009v1.0;2009v1.1;2009v1.2;2009v1.3;2009v1.4;2009v1.7;2010v3.2;2010v3.4;2010v3.6;2010v3.7;2011v1.2;2011v1.3;2011v1.4;2011v1.5;2012v2.0;2012v2.1;2012v2.2;2012v2.3;2012v3.0,2012,F,T,,
/Return/ReturnData/IRS990PF/SupplementaryInformation/AppicationSubmissionInfo/RecipientUSAddress/City,PF_15_G_APP_RECIP_ADDR_CITY,Recipient USAddress - City,[RecipientUSAddress] Part XV Line 2a,F990-PF-PART-15-LINE-02A,F990,PF,PART-15,Line 02a,PF,,text,ONE,PF-P15-T00-SUPPLEMENTARY-INFO-GRANT-APP,,2009v1.0;2009v1.1;2009v1.2;2009v1.3;2009v1.4;2009v1.7;2010v3.2;2010v3.4;2010v3.6;2010v3.7;2011v1.2;2011v1.3;2011v1.4;2011v1.5;2012v2.0;2012v2.1;2012v2.2;2012v2.3;2012v3.0,2012,F,T,,
/Return/ReturnData/IRS990PF/SupplementaryInformationGrp/ApplicationSubmissionInfoGrp/RecipientForeignAddress/City,PF_15_G_APP_RECIP_ADDR_CITY,Recipient Foreign Address - City,[RecipientForeignAddress] Part XV Line 2a,F990-PF-PART-15-LINE-02A,F990,PF,PART-15,Line 02a,PF,,text,ONE,PF-P15-T00-SUPPLEMENTARY-INFO-GRANT-APP,,2013v3.0;2013v3.1;2013v4.0,2013,F,T,,
/Return/ReturnData/IRS990PF/SupplementaryInformationGrp/ApplicationSubmissionInfoGrp/RecipientForeignAddress/CityNm,PF_15_G_APP_RECIP_ADDR_CITY,Recipient Foreign Address - City,[RecipientForeignAddress] Part XV Line 2a,F990-PF-PART-15-LINE-02A,F990,PF,PART-15,Line 02a,PF,,text,ONE,PF-P15-T00-SUPPLEMENTARY-INFO-GRANT-APP,,2014v5.0;2014v6.0;2015v2.0;2015v2.1;2015v3.0;2016v3.0,2016,F,T,,
/Return/ReturnData/IRS990PF/SupplementaryInformationGrp/ApplicationSubmissionInfoGrp/RecipientUSAddress/City,PF_15_G_APP_RECIP_ADDR_CITY,Recipient USAddress - City,[RecipientUSAddress] Part XV Line 2a,F990-PF-PART-15-LINE-02A,F990,PF,PART-15,Line 02a,PF,,text,ONE,PF-P15-T00-SUPPLEMENTARY-INFO-GRANT-APP,,2013v3.0;2013v3.1;2013v4.0,2013,F,T,,
/Return/ReturnData/IRS990PF/SupplementaryInformationGrp/ApplicationSubmissionInfoGrp/RecipientUSAddress/CityNm,PF_15_G_APP_RECIP_ADDR_CITY,Recipient USAddress - CityNm,[RecipientUSAddress] Part XV Line 2a,F990-PF-PART-15-LINE-02A,F990,PF,PART-15,Line 02a,PF,,text,ONE,PF-P15-T00-SUPPLEMENTARY-INFO-GRANT-APP,,2014v5.0;2014v6.0;2015v2.0;2015v2.1;2015v3.0;2016v3.0,2016,F,T,,
/Return/ReturnData/IRS990PF/SupplementaryInfomation/AppicationSubmissionInfo/RecipientForeignAddress/Country,PF_15_G_APP_RECIP_ADDR_CNTR,Recipient Foreign Address - Country,,F990-PF-PART-15-LINE-02A,F990,PF,PART-15,Line 02a,PF,,text,ONE,PF-P15-T00-SUPPLEMENTARY-INFO-GRANT-APP,,,,,,,
/Return/ReturnData/IRS990PF/SupplementaryInformation/AppicationSubmissionInfo/RecipientForeignAddress/Country,PF_15_G_APP_RECIP_ADDR_CNTR,Recipient Foreign Address - Country,[RecipientForeignAddress] Part XV Line 2a,F990-PF-PART-15-LINE-02A,F990,PF,PART-15,Line 02a,PF,,text,ONE,PF-P15-T00-SUPPLEMENTARY-INFO-GRANT-APP,,2009v1.0;2009v1.1;2009v1.2;2009v1.3;2009v1.4;2009v1.7;2010v3.2;2010v3.4;2010v3.6;2010v3.7;2011v1.2;2011v1.3;2011v1.4;2011v1.5;2012v2.0;2012v2.1;2012v2.2;2012v2.3;2012v3.0,2012,F,T,,
/Return/ReturnData/IRS990PF/SupplementaryInformationGrp/ApplicationSubmissionInfoGrp/RecipientForeignAddress/Country,PF_15_G_APP_RECIP_ADDR_CNTR,Recipient Foreign Address - Country,[RecipientForeignAddress] Part XV Line 2a,F990-PF-PART-15-LINE-02A,F990,PF,PART-15,Line 02a,PF,,text,ONE,PF-P15-T00-SUPPLEMENTARY-INFO-GRANT-APP,,2013v3.0;2013v3.1;2013v4.0,2013,F,T,,
/Return/ReturnData/IRS990PF/SupplementaryInformationGrp/ApplicationSubmissionInfoGrp/RecipientForeignAddress/CountryCd,PF_15_G_APP_RECIP_ADDR_CNTR,Recipient Foreign Address - Country,[RecipientForeignAddress] Part XV Line 2a,F990-PF-PART-15-LINE-02A,F990,PF,PART-15,Line 02a,PF,,text,ONE,PF-P15-T00-SUPPLEMENTARY-INFO-GRANT-APP,,2014v5.0;2014v6.0;2015v2.0;2015v2.1;2015v3.0;2016v3.0,2016,F,T,,
/Return/ReturnData/IRS990PF/SupplementaryInfomation/AppicationSubmissionInfo/RecipientForeignAddress/AddressLine1,PF_15_G_APP_RECIP_ADDR_L1,Recipient Foreign Address - AddressLine1,,F990-PF-PART-15-LINE-02A,F990,PF,PART-15,Line 02a,PF,,text,ONE,PF-P15-T00-SUPPLEMENTARY-INFO-GRANT-APP,,,,,,,
/Return/ReturnData/IRS990PF/SupplementaryInfomation/AppicationSubmissionInfo/RecipientUSAddress/AddressLine1,PF_15_G_APP_RECIP_ADDR_L1,Recipient USAddress - AddressLine1,,F990-PF-PART-15-LINE-02A,F990,PF,PART-15,Line 02a,PF,,text,ONE,PF-P15-T00-SUPPLEMENTARY-INFO-GRANT-APP,,,,,,,
/Return/ReturnData/IRS990PF/SupplementaryInformation/AppicationSubmissionInfo/RecipientForeignAddress/AddressLine1,PF_15_G_APP_RECIP_ADDR_L1,Recipient Foreign Address - AddressLine1,[RecipientForeignAddress] Part XV Line 2a,F990-PF-PART-15-LINE-02A,F990,PF,PART-15,Line 02a,PF,,text,ONE,PF-P15-T00-SUPPLEMENTARY-INFO-GRANT-APP,,2009v1.0;2009v1.1;2009v1.2;2009v1.3;2009v1.4;2009v1.7;2010v3.2;2010v3.4;2010v3.6;2010v3.7;2011v1.2;2011v1.3;2011v1.4;2011v1.5;2012v2.0;2012v2.1;2012v2.2;2012v2.3;2012v3.0,2012,F,T,,
/Return/ReturnData/IRS990PF/SupplementaryInformation/AppicationSubmissionInfo/RecipientUSAddress/AddressLine1,PF_15_G_APP_RECIP_ADDR_L1,Recipient USAddress - AddressLine1,[RecipientUSAddress] Part XV Line 2a,F990-PF-PART-15-LINE-02A,F990,PF,PART-15,Line 02a,PF,,text,ONE,PF-P15-T00-SUPPLEMENTARY-INFO-GRANT-APP,,2009v1.0;2009v1.1;2009v1.2;2009v1.3;2009v1.4;2009v1.7;2010v3.2;2010v3.4;2010v3.6;2010v3.7;2011v1.2;2011v1.3;2011v1.4;2011v1.5;2012v2.0;2012v2.1;2012v2.2;2012v2.3;2012v3.0,2012,F,T,,
/Return/ReturnData/IRS990PF/SupplementaryInformationGrp/ApplicationSubmissionInfoGrp/RecipientForeignAddress/AddressLine1,PF_15_G_APP_RECIP_ADDR_L1,Recipient Foreign Address - AddressLine1,[RecipientForeignAddress] Part XV Line 2a,F990-PF-PART-15-LINE-02A,F990,PF,PART-15,Line 02a,PF,,text,ONE,PF-P15-T00-SUPPLEMENTARY-INFO-GRANT-APP,,2013v3.0;2013v3.1;2013v4.0,2013,F,T,,
/Return/ReturnData/IRS990PF/SupplementaryInformationGrp/ApplicationSubmissionInfoGrp/RecipientForeignAddress/AddressLine1Txt,PF_15_G_APP_RECIP_ADDR_L1,Recipient Foreign Address - AddressLine1Txt,[RecipientForeignAddress] Part XV Line 2a,F990-PF-PART-15-LINE-02A,F990,PF,PART-15,Line 02a,PF,,text,ONE,PF-P15-T00-SUPPLEMENTARY-INFO-GRANT-APP,,2014v5.0;2014v6.0;2015v2.0;2015v2.1;2015v3.0;2016v3.0,2016,F,T,,
/Return/ReturnData/IRS990PF/SupplementaryInformationGrp/ApplicationSubmissionInfoGrp/RecipientUSAddress/AddressLine1,PF_15_G_APP_RECIP_ADDR_L1,Recipient USAddress - AddressLine1,[RecipientUSAddress] Part XV Line 2a,F990-PF-PART-15-LINE-02A,F990,PF,PART-15,Line 02a,PF,,text,ONE,PF-P15-T00-SUPPLEMENTARY-INFO-GRANT-APP,,2013v3.0;2013v3.1;2013v4.0,2013,F,T,,
/Return/ReturnData/IRS990PF/SupplementaryInformationGrp/ApplicationSubmissionInfoGrp/RecipientUSAddress/AddressLine1Txt,PF_15_G_APP_RECIP_ADDR_L1,Recipient USAddress - AddressLine1Txt,[RecipientUSAddress] Part XV Line 2a,F990-PF-PART-15-LINE-02A,F990,PF,PART-15,Line 02a,PF,,text,ONE,PF-P15-T00-SUPPLEMENTARY-INFO-GRANT-APP,,2014v5.0;2014v6.0;2015v2.0;2015v2.1;2015v3.0;2016v3.0,2016,F,T,,
/Return/ReturnData/IRS990PF/SupplementaryInfomation/AppicationSubmissionInfo/RecipientForeignAddress/AddressLine2,PF_15_G_APP_RECIP_ADDR_L2,Recipient Foreign Address - AddressLine2,,F990-PF-PART-15-LINE-02A,F990,PF,PART-15,Line 02a,PF,,text,ONE,PF-P15-T00-SUPPLEMENTARY-INFO-GRANT-APP,,,,,,,
/Return/ReturnData/IRS990PF/SupplementaryInfomation/AppicationSubmissionInfo/RecipientUSAddress/AddressLine2,PF_15_G_APP_RECIP_ADDR_L2,Recipient USAddress - AddressLine2,,F990-PF-PART-15-LINE-02A,F990,PF,PART-15,Line 02a,PF,,text,ONE,PF-P15-T00-SUPPLEMENTARY-INFO-GRANT-APP,,,,,,,
/Return/ReturnData/IRS990PF/SupplementaryInformation/AppicationSubmissionInfo/RecipientForeignAddress/AddressLine2,PF_15_G_APP_RECIP_ADDR_L2,Recipient Foreign Address - AddressLine2,[RecipientForeignAddress] Part XV Line 2a,F990-PF-PART-15-LINE-02A,F990,PF,PART-15,Line 02a,PF,,text,ONE,PF-P15-T00-SUPPLEMENTARY-INFO-GRANT-APP,,2009v1.0;2009v1.1;2009v1.2;2009v1.3;2009v1.4;2009v1.7;2010v3.2;2010v3.4;2010v3.6;2010v3.7;2011v1.2;2011v1.3;2011v1.4;2011v1.5;2012v2.0;2012v2.1;2012v2.2;2012v2.3;2012v3.0,2012,F,T,,
/Return/ReturnData/IRS990PF/SupplementaryInformation/AppicationSubmissionInfo/RecipientUSAddress/AddressLine2,PF_15_G_APP_RECIP_ADDR_L2,Recipient USAddress - AddressLine2,[RecipientUSAddress] Part XV Line 2a,F990-PF-PART-15-LINE-02A,F990,PF,PART-15,Line 02a,PF,,text,ONE,PF-P15-T00-SUPPLEMENTARY-INFO-GRANT-APP,,2009v1.0;2009v1.1;2009v1.2;2009v1.3;2009v1.4;2009v1.7;2010v3.2;2010v3.4;2010v3.6;2010v3.7;2011v1.2;2011v1.3;2011v1.4;2011v1.5;2012v2.0;2012v2.1;2012v2.2;2012v2.3;2012v3.0,2012,F,T,,
/Return/ReturnData/IRS990PF/SupplementaryInformationGrp/ApplicationSubmissionInfoGrp/RecipientForeignAddress/AddressLine2,PF_15_G_APP_RECIP_ADDR_L2,Recipient Foreign Address - AddressLine2,[RecipientForeignAddress] Part XV Line 2a,F990-PF-PART-15-LINE-02A,F990,PF,PART-15,Line 02a,PF,,text,ONE,PF-P15-T00-SUPPLEMENTARY-INFO-GRANT-APP,,2013v3.0;2013v3.1;2013v4.0,2013,F,T,,
/Return/ReturnData/IRS990PF/SupplementaryInformationGrp/ApplicationSubmissionInfoGrp/RecipientForeignAddress/AddressLine2Txt,PF_15_G_APP_RECIP_ADDR_L2,Recipient Foreign Address - AddressLine2Txt,[RecipientForeignAddress] Part XV Line 2a,F990-PF-PART-15-LINE-02A,F990,PF,PART-15,Line 02a,PF,,text,ONE,PF-P15-T00-SUPPLEMENTARY-INFO-GRANT-APP,,2014v5.0;2014v6.0;2015v2.0;2015v2.1;2015v3.0;2016v3.0,2016,F,T,,
/Return/ReturnData/IRS990PF/SupplementaryInformationGrp/ApplicationSubmissionInfoGrp/RecipientUSAddress/AddressLine2,PF_15_G_APP_RECIP_ADDR_L2,Recipient USAddress - AddressLine2,[RecipientUSAddress] Part XV Line 2a,F990-PF-PART-15-LINE-02A,F990,PF,PART-15,Line 02a,PF,,text,ONE,PF-P15-T00-SUPPLEMENTARY-INFO-GRANT-APP,,2013v3.0;2013v3.1;2013v4.0,2013,F,T,,
/Return/ReturnData/IRS990PF/SupplementaryInformationGrp/ApplicationSubmissionInfoGrp/RecipientUSAddress/AddressLine2Txt,PF_15_G_APP_RECIP_ADDR_L2,Recipient USAddress - AddressLine2Txt,[RecipientUSAddress] Part XV Line 2a,F990-PF-PART-15-LINE-02A,F990,PF,PART-15,Line 02a,PF,,text,ONE,PF-P15-T00-SUPPLEMENTARY-INFO-GRANT-APP,,2014v5.0;2014v6.0;2015v2.0;2015v2.1;2015v3.0;2016v3.0,2016,F,T,,
/Return/ReturnData/IRS990PF/SupplementaryInfomation/AppicationSubmissionInfo/RecipientForeignAddress/ProvinceOrState,PF_15_G_APP_RECIP_ADDR_STATE,Province or state,,F990-PF-PART-15-LINE-02A,F990,PF,PART-15,Line 02a,PF,,text,ONE,PF-P15-T00-SUPPLEMENTARY-INFO-GRANT-APP,,,,,,,
/Return/ReturnData/IRS990PF/SupplementaryInfomation/AppicationSubmissionInfo/RecipientUSAddress/State,PF_15_G_APP_RECIP_ADDR_STATE,Recipient USAddress - State,,F990-PF-PART-15-LINE-02A,F990,PF,PART-15,Line 02a,PF,,text,ONE,PF-P15-T00-SUPPLEMENTARY-INFO-GRANT-APP,,,,,,,
/Return/ReturnData/IRS990PF/SupplementaryInformation/AppicationSubmissionInfo/RecipientForeignAddress/ProvinceOrState,PF_15_G_APP_RECIP_ADDR_STATE,Province or state,[RecipientForeignAddress] Part XV Line 2a,F990-PF-PART-15-LINE-02A,F990,PF,PART-15,Line 02a,PF,,text,ONE,PF-P15-T00-SUPPLEMENTARY-INFO-GRANT-APP,,2009v1.0;2009v1.1;2009v1.2;2009v1.3;2009v1.4;2009v1.7;2010v3.2;2010v3.4;2010v3.6;2010v3.7;2011v1.2;2011v1.3;2011v1.4;2011v1.5;2012v2.0;2012v2.1;2012v2.2;2012v2.3;2012v3.0,2012,F,T,,
/Return/ReturnData/IRS990PF/SupplementaryInformation/AppicationSubmissionInfo/RecipientUSAddress/State,PF_15_G_APP_RECIP_ADDR_STATE,Recipient USAddress - State,[RecipientUSAddress] Part XV Line 2a,F990-PF-PART-15-LINE-02A,F990,PF,PART-15,Line 02a,PF,,text,ONE,PF-P15-T00-SUPPLEMENTARY-INFO-GRANT-APP,,2009v1.0;2009v1.1;2009v1.2;2009v1.3;2009v1.4;2009v1.7;2010v3.2;2010v3.4;2010v3.6;2010v3.7;2011v1.2;2011v1.3;2011v1.4;2011v1.5;2012v2.0;2012v2.1;2012v2.2;2012v2.3;2012v3.0,2012,F,T,,
/Return/ReturnData/IRS990PF/SupplementaryInformationGrp/ApplicationSubmissionInfoGrp/RecipientForeignAddress/ProvinceOrState,PF_15_G_APP_RECIP_ADDR_STATE,Province or state,[RecipientForeignAddress] Part XV Line 2a,F990-PF-PART-15-LINE-02A,F990,PF,PART-15,Line 02a,PF,,text,ONE,PF-P15-T00-SUPPLEMENTARY-INFO-GRANT-APP,,2013v3.0;2013v3.1;2013v4.0,2013,F,T,,
/Return/ReturnData/IRS990PF/SupplementaryInformationGrp/ApplicationSubmissionInfoGrp/RecipientForeignAddress/ProvinceOrStateNm,PF_15_G_APP_RECIP_ADDR_STATE,Province or state,[RecipientForeignAddress] Part XV Line 2a,F990-PF-PART-15-LINE-02A,F990,PF,PART-15,Line 02a,PF,,text,ONE,PF-P15-T00-SUPPLEMENTARY-INFO-GRANT-APP,,2014v5.0;2014v6.0;2015v2.0;2015v2.1;2015v3.0;2016v3.0,2016,F,T,,
/Return/ReturnData/IRS990PF/SupplementaryInformationGrp/ApplicationSubmissionInfoGrp/RecipientUSAddress/State,PF_15_G_APP_RECIP_ADDR_STATE,Recipient USAddress - State,[RecipientUSAddress] Part XV Line 2a,F990-PF-PART-15-LINE-02A,F990,PF,PART-15,Line 02a,PF,,text,ONE,PF-P15-T00-SUPPLEMENTARY-INFO-GRANT-APP,,2013v3.0;2013v3.1;2013v4.0,2013,F,T,,
/Return/ReturnData/IRS990PF/SupplementaryInformationGrp/ApplicationSubmissionInfoGrp/RecipientUSAddress/StateAbbreviationCd,PF_15_G_APP_RECIP_ADDR_STATE,Recipient USAddress - StateAbbreviationCd,[RecipientUSAddress] Part XV Line 2a,F990-PF-PART-15-LINE-02A,F990,PF,PART-15,Line 02a,PF,,text,ONE,PF-P15-T00-SUPPLEMENTARY-INFO-GRANT-APP,,2014v5.0;2014v6.0;2015v2.0;2015v2.1;2015v3.0;2016v3.0,2016,F,T,,
/Return/ReturnData/IRS990PF/SupplementaryInfomation/AppicationSubmissionInfo/RecipientForeignAddress/PostalCode,PF_15_G_APP_RECIP_ADDR_ZIP,Recipient Foreign Address - Postal code,,F990-PF-PART-15-LINE-02A,F990,PF,PART-15,Line 02a,PF,,text,ONE,PF-P15-T00-SUPPLEMENTARY-INFO-GRANT-APP,,,,,,,
/Return/ReturnData/IRS990PF/SupplementaryInfomation/AppicationSubmissionInfo/RecipientUSAddress/ZIPCode,PF_15_G_APP_RECIP_ADDR_ZIP,Recipient USAddress - ZIPCode,,F990-PF-PART-15-LINE-02A,F990,PF,PART-15,Line 02a,PF,,text,ONE,PF-P15-T00-SUPPLEMENTARY-INFO-GRANT-APP,,,,,,,
/Return/ReturnData/IRS990PF/SupplementaryInformation/AppicationSubmissionInfo/RecipientForeignAddress/PostalCode,PF_15_G_APP_RECIP_ADDR_ZIP,Recipient Foreign Address - Postal code,[RecipientForeignAddress] Part XV Line 2a,F990-PF-PART-15-LINE-02A,F990,PF,PART-15,Line 02a,PF,,text,ONE,PF-P15-T00-SUPPLEMENTARY-INFO-GRANT-APP,,2009v1.0;2009v1.1;2009v1.2;2009v1.3;2009v1.4;2009v1.7;2010v3.2;2010v3.4;2010v3.6;2010v3.7;2011v1.2;2011v1.3;2011v1.4;2011v1.5;2012v2.0;2012v2.1;2012v2.2;2012v2.3;2012v3.0,2012,F,T,,
/Return/ReturnData/IRS990PF/SupplementaryInformation/AppicationSubmissionInfo/RecipientUSAddress/ZIPCode,PF_15_G_APP_RECIP_ADDR_ZIP,Recipient USAddress - ZIPCode,[RecipientUSAddress] Part XV Line 2a,F990-PF-PART-15-LINE-02A,F990,PF,PART-15,Line 02a,PF,,text,ONE,PF-P15-T00-SUPPLEMENTARY-INFO-GRANT-APP,,2009v1.0;2009v1.1;2009v1.2;2009v1.3;2009v1.4;2009v1.7;2010v3.2;2010v3.4;2010v3.6;2010v3.7;2011v1.2;2011v1.3;2011v1.4;2011v1.5;2012v2.0;2012v2.1;2012v2.2;2012v2.3;2012v3.0,2012,F,T,,
/Return/ReturnData/IRS990PF/SupplementaryInformationGrp/ApplicationSubmissionInfoGrp/RecipientForeignAddress/ForeignPostalCd,PF_15_G_APP_RECIP_ADDR_ZIP,Recipient Foreign Address - Postal code,[RecipientForeignAddress] Part XV Line 2a,F990-PF-PART-15-LINE-02A,F990,PF,PART-15,Line 02a,PF,,text,ONE,PF-P15-T00-SUPPLEMENTARY-INFO-GRANT-APP,,2014v5.0;2014v6.0;2015v2.0;2015v2.1;2015v3.0;2016v3.0,2016,F,T,,
/Return/ReturnData/IRS990PF/SupplementaryInformationGrp/ApplicationSubmissionInfoGrp/RecipientForeignAddress/PostalCode,PF_15_G_APP_RECIP_ADDR_ZIP,Recipient Foreign Address - Postal code,[RecipientForeignAddress] Part XV Line 2a,F990-PF-PART-15-LINE-02A,F990,PF,PART-15,Line 02a,PF,,text,ONE,PF-P15-T00-SUPPLEMENTARY-INFO-GRANT-APP,,2013v3.0;2013v3.1;2013v4.0,2013,F,T,,
/Return/ReturnData/IRS990PF/SupplementaryInformationGrp/ApplicationSubmissionInfoGrp/RecipientUSAddress/ZIPCd,PF_15_G_APP_RECIP_ADDR_ZIP,Recipient USAddress - ZIPCd,[RecipientUSAddress] Part XV Line 2a,F990-PF-PART-15-LINE-02A,F990,PF,PART-15,Line 02a,PF,,text,ONE,PF-P15-T00-SUPPLEMENTARY-INFO-GRANT-APP,,2014v5.0;2014v6.0;2015v2.0;2015v2.1;2015v3.0;2016v3.0,2016,F,T,,
/Return/ReturnData/IRS990PF/SupplementaryInformationGrp/ApplicationSubmissionInfoGrp/RecipientUSAddress/ZIPCode,PF_15_G_APP_RECIP_ADDR_ZIP,Recipient USAddress - ZIPCode,[RecipientUSAddress] Part XV Line 2a,F990-PF-PART-15-LINE-02A,F990,PF,PART-15,Line 02a,PF,,text,ONE,PF-P15-T00-SUPPLEMENTARY-INFO-GRANT-APP,,2013v3.0;2013v3.1;2013v4.0,2013,F,T,,
/Return/ReturnData/IRS990PF/SupplementaryInformation/AppicationSubmissionInfo/RecipientEmailAddress,PF_15_G_APP_RECIP_EMAIL,Recipient Email Address,[RecipientEmailAddress] Part XV Line 2a,F990-PF-PART-15-LINE-02A,F990,PF,PART-15,Line 02a,PF,,text,ONE,PF-P15-T00-SUPPLEMENTARY-INFO-GRANT-APP,,2012v2.0;2012v2.1;2012v2.2;2012v2.3;2012v3.0,2012,F,T,,
/Return/ReturnData/IRS990PF/SupplementaryInformationGrp/ApplicationSubmissionInfoGrp/RecipientEmailAddressTxt,PF_15_G_APP_RECIP_EMAIL,Recipient Email Address,[RecipientEmailAddressTxt] Part XV Line 2a,F990-PF-PART-15-LINE-02A,F990,PF,PART-15,Line 02a,PF,,text,ONE,PF-P15-T00-SUPPLEMENTARY-INFO-GRANT-APP,,2013v3.0;2013v3.1;2013v4.0;2014v5.0;2014v6.0;2015v2.0;2015v2.1;2015v3.0;2016v3.0,2016,F,T,,
/Return/ReturnData/IRS990PF/SupplementaryInfomation/AppicationSubmissionInfo/RecipientName,PF_15_G_APP_RECIP_NAME_PERS,Name of Person to Receive Applications,,F990-PF-PART-15-LINE-02A,F990,PF,PART-15,Line 02a,PF,,text,ONE,PF-P15-T00-SUPPLEMENTARY-INFO-GRANT-APP,,,,,,,
/Return/ReturnData/IRS990PF/SupplementaryInformation/AppicationSubmissionInfo/RecipientName,PF_15_G_APP_RECIP_NAME_PERS,Name of Person to Receive Applications,[RecipientName] Part XV Line 2a,F990-PF-PART-15-LINE-02A,F990,PF,PART-15,Line 02a,PF,,text,ONE,PF-P15-T00-SUPPLEMENTARY-INFO-GRANT-APP,,2009v1.0;2009v1.1;2009v1.2;2009v1.3;2009v1.4;2009v1.7;2010v3.2;2010v3.4;2010v3.6;2010v3.7;2011v1.2;2011v1.3;2011v1.4;2011v1.5;2012v2.0;2012v2.1;2012v2.2;2012v2.3;2012v3.0,2012,F,T,,
/Return/ReturnData/IRS990PF/SupplementaryInformationGrp/ApplicationSubmissionInfoGrp/RecipientPersonNm,PF_15_G_APP_RECIP_NAME_PERS,Name of Person to Receive Applications,[RecipientPersonNm] Part XV Line 2a,F990-PF-PART-15-LINE-02A,F990,PF,PART-15,Line 02a,PF,,text,ONE,PF-P15-T00-SUPPLEMENTARY-INFO-GRANT-APP,,2013v3.0;2013v3.1;2013v4.0;2014v5.0;2014v6.0;2015v2.0;2015v2.1;2015v3.0;2016v3.0,2016,F,T,,
/Return/ReturnData/IRS990PF/SupplementaryInfomation/AppicationSubmissionInfo/RecipientPhoneNumber,PF_15_G_APP_RECIP_PHONE,Phone Number of Person to Receive Applications,,F990-PF-PART-15-LINE-02A,F990,PF,PART-15,Line 02a,PF,,text,ONE,PF-P15-T00-SUPPLEMENTARY-INFO-GRANT-APP,,,,,,,
/Return/ReturnData/IRS990PF/SupplementaryInformation/AppicationSubmissionInfo/RecipientPhoneNumber,PF_15_G_APP_RECIP_PHONE,Phone Number of Person to Receive Applications,[RecipientPhoneNumber] Part XV Line 2a,F990-PF-PART-15-LINE-02A,F990,PF,PART-15,Line 02a,PF,,text,ONE,PF-P15-T00-SUPPLEMENTARY-INFO-GRANT-APP,,2009v1.0;2009v1.1;2009v1.2;2009v1.3;2009v1.4;2009v1.7;2010v3.2;2010v3.4;2010v3.6;2010v3.7;2011v1.2;2011v1.3;2011v1.4;2011v1.5;2012v2.0;2012v2.1;2012v2.2;2012v2.3;2012v3.0,2012,F,T,,
/Return/ReturnData/IRS990PF/SupplementaryInformationGrp/ApplicationSubmissionInfoGrp/RecipientPhoneNum,PF_15_G_APP_RECIP_PHONE,Phone Number of Person to Receive Applications,[RecipientPhoneNum] Part XV Line 2a,F990-PF-PART-15-LINE-02A,F990,PF,PART-15,Line 02a,PF,,text,ONE,PF-P15-T00-SUPPLEMENTARY-INFO-GRANT-APP,,2013v3.0;2013v3.1;2013v4.0;2014v5.0;2014v6.0;2015v2.0;2015v2.1;2015v3.0;2016v3.0,2016,F,T,,
/Return/ReturnData/IRS990PF/SupplementaryInfomation/AppicationSubmissionInfo/FormAndInfoAndMaterials,PF_15_G_APP_FORM_INFO,Form and Information and Materials To Include,,F990-PF-PART-15-LINE-02B,F990,PF,PART-15,Line 02b,PF,,text,ONE,PF-P15-T00-SUPPLEMENTARY-INFO-GRANT-APP,,,,,,,
/Return/ReturnData/IRS990PF/SupplementaryInformation/AppicationSubmissionInfo/FormAndInfoAndMaterials,PF_15_G_APP_FORM_INFO,Form and Information and Materials To Include,[FormAndInfoAndMaterials] Part XV Line 2b,F990-PF-PART-15-LINE-02B,F990,PF,PART-15,Line 02b,PF,,text,ONE,PF-P15-T00-SUPPLEMENTARY-INFO-GRANT-APP,,2009v1.0;2009v1.1;2009v1.2;2009v1.3;2009v1.4;2009v1.7;2010v3.2;2010v3.4;2010v3.6;2010v3.7;2011v1.2;2011v1.3;2011v1.4;2011v1.5;2012v2.0;2012v2.1;2012v2.2;2012v2.3;2012v3.0,2012,F,T,,
/Return/ReturnData/IRS990PF/SupplementaryInformationGrp/ApplicationSubmissionInfoGrp/FormAndInfoAndMaterialsTxt,PF_15_G_APP_FORM_INFO,Form and Information and Materials To Include,[FormAndInfoAndMaterialsTxt] Part XV Line 2b,F990-PF-PART-15-LINE-02B,F990,PF,PART-15,Line 02b,PF,,text,ONE,PF-P15-T00-SUPPLEMENTARY-INFO-GRANT-APP,,2013v3.0;2013v3.1;2013v4.0;2014v5.0;2014v6.0;2015v2.0;2015v2.1;2015v3.0;2016v3.0,2016,F,T,,
/Return/ReturnData/IRS990PF/SupplementaryInfomation/AppicationSubmissionInfo/SubmissionDeadlines,PF_15_G_APP_SUBMISSION_DEADLINE,Subsmission Deadlines,,F990-PF-PART-15-LINE-02C,F990,PF,PART-15,Line 02c,PF,,text,ONE,PF-P15-T00-SUPPLEMENTARY-INFO-GRANT-APP,,,,,,,
/Return/ReturnData/IRS990PF/SupplementaryInformation/AppicationSubmissionInfo/SubmissionDeadlines,PF_15_G_APP_SUBMISSION_DEADLINE,Subsmission Deadlines,[SubmissionDeadlines] Part XV Line 2c,F990-PF-PART-15-LINE-02C,F990,PF,PART-15,Line 02c,PF,,text,ONE,PF-P15-T00-SUPPLEMENTARY-INFO-GRANT-APP,,2009v1.0;2009v1.1;2009v1.2;2009v1.3;2009v1.4;2009v1.7;2010v3.2;2010v3.4;2010v3.6;2010v3.7;2011v1.2;2011v1.3;2011v1.4;2011v1.5;2012v2.0;2012v2.1;2012v2.2;2012v2.3;2012v3.0,2012,F,T,,
/Return/ReturnData/IRS990PF/SupplementaryInformationGrp/ApplicationSubmissionInfoGrp/SubmissionDeadlinesTxt,PF_15_G_APP_SUBMISSION_DEADLINE,Subsmission Deadlines,[SubmissionDeadlinesTxt] Part XV Line 2c,F990-PF-PART-15-LINE-02C,F990,PF,PART-15,Line 02c,PF,,text,ONE,PF-P15-T00-SUPPLEMENTARY-INFO-GRANT-APP,,2013v3.0;2013v3.1;2013v4.0;2014v5.0;2014v6.0;2015v2.0;2015v2.1;2015v3.0;2016v3.0,2016,F,T,,
/Return/ReturnData/IRS990PF/SupplementaryInfomation/AppicationSubmissionInfo/RestrictionsOnAwards,PF_15_G_APP_RESTRICTION_AWARD,Restrictions on Awards,,F990-PF-PART-15-LINE-02D,F990,PF,PART-15,Line 02d,PF,,text,ONE,PF-P15-T00-SUPPLEMENTARY-INFO-GRANT-APP,,,,,,,
/Return/ReturnData/IRS990PF/SupplementaryInformation/AppicationSubmissionInfo/RestrictionsOnAwards,PF_15_G_APP_RESTRICTION_AWARD,Restrictions on Awards,[RestrictionsOnAwards] Part XV Line 2d,F990-PF-PART-15-LINE-02D,F990,PF,PART-15,Line 02d,PF,,text,ONE,PF-P15-T00-SUPPLEMENTARY-INFO-GRANT-APP,,2009v1.0;2009v1.1;2009v1.2;2009v1.3;2009v1.4;2009v1.7;2010v3.2;2010v3.4;2010v3.6;2010v3.7;2011v1.2;2011v1.3;2011v1.4;2011v1.5;2012v2.0;2012v2.1;2012v2.2;2012v2.3;2012v3.0,2012,F,T,,
/Return/ReturnData/IRS990PF/SupplementaryInformationGrp/ApplicationSubmissionInfoGrp/RestrictionsOnAwardsTxt,PF_15_G_APP_RESTRICTION_AWARD,Restrictions on Awards,[RestrictionsOnAwardsTxt] Part XV Line 2d,F990-PF-PART-15-LINE-02D,F990,PF,PART-15,Line 02d,PF,,text,ONE,PF-P15-T00-SUPPLEMENTARY-INFO-GRANT-APP,,2013v3.0;2013v3.1;2013v4.0;2014v5.0;2014v6.0;2015v2.0;2015v2.1;2015v3.0;2016v3.0,2016,F,T,,
/Return/ReturnData/IRS990PF/SupplementaryInfomation/GrantOrContriPaidDuringYear/RecipientForeignAddress/City,PF_15_G_PAID_RECIP_ADDR_CITY,Recipient Foreign Address - City,,F990-PF-PART-15-LINE-03A-COL-01,F990,PF,PART-15,Line 03a Column 01,PF,,text,MANY,PF-P15-T01-SUPPLEMENTARY-INFO-GRANT-PAID,,,,,,,
/Return/ReturnData/IRS990PF/SupplementaryInfomation/GrantOrContriPaidDuringYear/RecipientUSAddress/City,PF_15_G_PAID_RECIP_ADDR_CITY,Recipient USAddress - City,,F990-PF-PART-15-LINE-03A-COL-01,F990,PF,PART-15,Line 03a Column 01,PF,,text,MANY,PF-P15-T01-SUPPLEMENTARY-INFO-GRANT-PAID,,,,,,,
/Return/ReturnData/IRS990PF/SupplementaryInformation/GrantOrContriPaidDuringYear/RecipientForeignAddress/City,PF_15_G_PAID_RECIP_ADDR_CITY,Recipient Foreign Address - City,[GrantOrContriPaidDuringYear] Part XV Line 3a,F990-PF-PART-15-LINE-03A-COL-01,F990,PF,PART-15,Line 03a Column 01,PF,,text,MANY,PF-P15-T01-SUPPLEMENTARY-INFO-GRANT-PAID,,2009v1.0;2009v1.1;2009v1.2;2009v1.3;2009v1.4;2009v1.7;2010v3.2;2010v3.4;2010v3.6;2010v3.7;2011v1.2;2011v1.3;2011v1.4;2011v1.5;2012v2.0;2012v2.1;2012v2.2;2012v2.3;2012v3.0,2012,F,T,,
/Return/ReturnData/IRS990PF/SupplementaryInformation/GrantOrContriPaidDuringYear/RecipientUSAddress/City,PF_15_G_PAID_RECIP_ADDR_CITY,Recipient USAddress - City,[GrantOrContriPaidDuringYear] Part XV Line 3a,F990-PF-PART-15-LINE-03A-COL-01,F990,PF,PART-15,Line 03a Column 01,PF,,text,MANY,PF-P15-T01-SUPPLEMENTARY-INFO-GRANT-PAID,,2009v1.0;2009v1.1;2009v1.2;2009v1.3;2009v1.4;2009v1.7;2010v3.2;2010v3.4;2010v3.6;2010v3.7;2011v1.2;2011v1.3;2011v1.4;2011v1.5;2012v2.0;2012v2.1;2012v2.2;2012v2.3;2012v3.0,2012,F,T,,
/Return/ReturnData/IRS990PF/SupplementaryInformationGrp/GrantOrContributionPdDurYrGrp/RecipientForeignAddress/City,PF_15_G_PAID_RECIP_ADDR_CITY,Recipient Foreign Address - City,[GrantOrContributionPdDurYrGrp] Part XV Line 3a,F990-PF-PART-15-LINE-03A-COL-01,F990,PF,PART-15,Line 03a Column 01,PF,,text,MANY,PF-P15-T01-SUPPLEMENTARY-INFO-GRANT-PAID,,2013v3.0;2013v3.1;2013v4.0,2013,F,T,,
/Return/ReturnData/IRS990PF/SupplementaryInformationGrp/GrantOrContributionPdDurYrGrp/RecipientForeignAddress/CityNm,PF_15_G_PAID_RECIP_ADDR_CITY,Recipient Foreign Address - City,[GrantOrContributionPdDurYrGrp] Part XV Line 3a,F990-PF-PART-15-LINE-03A-COL-01,F990,PF,PART-15,Line 03a Column 01,PF,,text,MANY,PF-P15-T01-SUPPLEMENTARY-INFO-GRANT-PAID,,2014v5.0;2014v6.0;2015v2.0;2015v2.1;2015v3.0;2016v3.0,2016,F,T,,
/Return/ReturnData/IRS990PF/SupplementaryInformationGrp/GrantOrContributionPdDurYrGrp/RecipientUSAddress/City,PF_15_G_PAID_RECIP_ADDR_CITY,Recipient USAddress - City,[GrantOrContributionPdDurYrGrp] Part XV Line 3a,F990-PF-PART-15-LINE-03A-COL-01,F990,PF,PART-15,Line 03a Column 01,PF,,text,MANY,PF-P15-T01-SUPPLEMENTARY-INFO-GRANT-PAID,,2013v3.0;2013v3.1;2013v4.0,2013,F,T,,
/Return/ReturnData/IRS990PF/SupplementaryInformationGrp/GrantOrContributionPdDurYrGrp/RecipientUSAddress/CityNm,PF_15_G_PAID_RECIP_ADDR_CITY,Recipient USAddress - CityNm,[GrantOrContributionPdDurYrGrp] Part XV Line 3a,F990-PF-PART-15-LINE-03A-COL-01,F990,PF,PART-15,Line 03a Column 01,PF,,text,MANY,PF-P15-T01-SUPPLEMENTARY-INFO-GRANT-PAID,,2014v5.0;2014v6.0;2015v2.0;2015v2.1;2015v3.0;2016v3.0,2016,F,T,,
/Return/ReturnData/IRS990PF/SupplementaryInfomation/GrantOrContriPaidDuringYear/RecipientForeignAddress/Country,PF_15_G_PAID_RECIP_ADDR_CNTR,Recipient Foreign Address - Country,,F990-PF-PART-15-LINE-03A-COL-01,F990,PF,PART-15,Line 03a Column 01,PF,,text,MANY,PF-P15-T01-SUPPLEMENTARY-INFO-GRANT-PAID,,,,,,,
/Return/ReturnData/IRS990PF/SupplementaryInformation/GrantOrContriPaidDuringYear/RecipientForeignAddress/Country,PF_15_G_PAID_RECIP_ADDR_CNTR,Recipient Foreign Address - Country,[GrantOrContriPaidDuringYear] Part XV Line 3a,F990-PF-PART-15-LINE-03A-COL-01,F990,PF,PART-15,Line 03a Column 01,PF,,text,MANY,PF-P15-T01-SUPPLEMENTARY-INFO-GRANT-PAID,,2009v1.0;2009v1.1;2009v1.2;2009v1.3;2009v1.4;2009v1.7;2010v3.2;2010v3.4;2010v3.6;2010v3.7;2011v1.2;2011v1.3;2011v1.4;2011v1.5;2012v2.0;2012v2.1;2012v2.2;2012v2.3;2012v3.0,2012,F,T,,
/Return/ReturnData/IRS990PF/SupplementaryInformationGrp/GrantOrContributionPdDurYrGrp/RecipientForeignAddress/Country,PF_15_G_PAID_RECIP_ADDR_CNTR,Recipient Foreign Address - Country,[GrantOrContributionPdDurYrGrp] Part XV Line 3a,F990-PF-PART-15-LINE-03A-COL-01,F990,PF,PART-15,Line 03a Column 01,PF,,text,MANY,PF-P15-T01-SUPPLEMENTARY-INFO-GRANT-PAID,,2013v3.0;2013v3.1;2013v4.0,2013,F,T,,
/Return/ReturnData/IRS990PF/SupplementaryInformationGrp/GrantOrContributionPdDurYrGrp/RecipientForeignAddress/CountryCd,PF_15_G_PAID_RECIP_ADDR_CNTR,Recipient Foreign Address - Country,[GrantOrContributionPdDurYrGrp] Part XV Line 3a,F990-PF-PART-15-LINE-03A-COL-01,F990,PF,PART-15,Line 03a Column 01,PF,,text,MANY,PF-P15-T01-SUPPLEMENTARY-INFO-GRANT-PAID,,2014v5.0;2014v6.0;2015v2.0;2015v2.1;2015v3.0;2016v3.0,2016,F,T,,
/Return/ReturnData/IRS990PF/SupplementaryInfomation/GrantOrContriPaidDuringYear/RecipientForeignAddress/AddressLine1,PF_15_G_PAID_RECIP_ADDR_L1,Recipient Foreign Address - AddressLine1,,F990-PF-PART-15-LINE-03A-COL-01,F990,PF,PART-15,Line 03a Column 01,PF,,text,MANY,PF-P15-T01-SUPPLEMENTARY-INFO-GRANT-PAID,,,,,,,
/Return/ReturnData/IRS990PF/SupplementaryInfomation/GrantOrContriPaidDuringYear/RecipientUSAddress/AddressLine1,PF_15_G_PAID_RECIP_ADDR_L1,Recipient USAddress - AddressLine1,,F990-PF-PART-15-LINE-03A-COL-01,F990,PF,PART-15,Line 03a Column 01,PF,,text,MANY,PF-P15-T01-SUPPLEMENTARY-INFO-GRANT-PAID,,,,,,,
/Return/ReturnData/IRS990PF/SupplementaryInformation/GrantOrContriPaidDuringYear/RecipientForeignAddress/AddressLine1,PF_15_G_PAID_RECIP_ADDR_L1,Recipient Foreign Address - AddressLine1,[GrantOrContriPaidDuringYear] Part XV Line 3a,F990-PF-PART-15-LINE-03A-COL-01,F990,PF,PART-15,Line 03a Column 01,PF,,text,MANY,PF-P15-T01-SUPPLEMENTARY-INFO-GRANT-PAID,,2009v1.0;2009v1.1;2009v1.2;2009v1.3;2009v1.4;2009v1.7;2010v3.2;2010v3.4;2010v3.6;2010v3.7;2011v1.2;2011v1.3;2011v1.4;2011v1.5;2012v2.0;2012v2.1;2012v2.2;2012v2.3;2012v3.0,2012,F,T,,
/Return/ReturnData/IRS990PF/SupplementaryInformation/GrantOrContriPaidDuringYear/RecipientUSAddress/AddressLine1,PF_15_G_PAID_RECIP_ADDR_L1,Recipient USAddress - AddressLine1,[GrantOrContriPaidDuringYear] Part XV Line 3a,F990-PF-PART-15-LINE-03A-COL-01,F990,PF,PART-15,Line 03a Column 01,PF,,text,MANY,PF-P15-T01-SUPPLEMENTARY-INFO-GRANT-PAID,,2009v1.0;2009v1.1;2009v1.2;2009v1.3;2009v1.4;2009v1.7;2010v3.2;2010v3.4;2010v3.6;2010v3.7;2011v1.2;2011v1.3;2011v1.4;2011v1.5;2012v2.0;2012v2.1;2012v2.2;2012v2.3;2012v3.0,2012,F,T,,
/Return/ReturnData/IRS990PF/SupplementaryInformationGrp/GrantOrContributionPdDurYrGrp/RecipientForeignAddress/AddressLine1,PF_15_G_PAID_RECIP_ADDR_L1,Recipient Foreign Address - AddressLine1,[GrantOrContributionPdDurYrGrp] Part XV Line 3a,F990-PF-PART-15-LINE-03A-COL-01,F990,PF,PART-15,Line 03a Column 01,PF,,text,MANY,PF-P15-T01-SUPPLEMENTARY-INFO-GRANT-PAID,,2013v3.0;2013v3.1;2013v4.0,2013,F,T,,
/Return/ReturnData/IRS990PF/SupplementaryInformationGrp/GrantOrContributionPdDurYrGrp/RecipientForeignAddress/AddressLine1Txt,PF_15_G_PAID_RECIP_ADDR_L1,Recipient Foreign Address - AddressLine1Txt,[GrantOrContributionPdDurYrGrp] Part XV Line 3a,F990-PF-PART-15-LINE-03A-COL-01,F990,PF,PART-15,Line 03a Column 01,PF,,text,MANY,PF-P15-T01-SUPPLEMENTARY-INFO-GRANT-PAID,,2014v5.0;2014v6.0;2015v2.0;2015v2.1;2015v3.0;2016v3.0,2016,F,T,,
/Return/ReturnData/IRS990PF/SupplementaryInformationGrp/GrantOrContributionPdDurYrGrp/RecipientUSAddress/AddressLine1,PF_15_G_PAID_RECIP_ADDR_L1,Recipient USAddress - AddressLine1,[GrantOrContributionPdDurYrGrp] Part XV Line 3a,F990-PF-PART-15-LINE-03A-COL-01,F990,PF,PART-15,Line 03a Column 01,PF,,text,MANY,PF-P15-T01-SUPPLEMENTARY-INFO-GRANT-PAID,,2013v3.0;2013v3.1;2013v4.0,2013,F,T,,
/Return/ReturnData/IRS990PF/SupplementaryInformationGrp/GrantOrContributionPdDurYrGrp/RecipientUSAddress/AddressLine1Txt,PF_15_G_PAID_RECIP_ADDR_L1,Recipient USAddress - AddressLine1Txt,[GrantOrContributionPdDurYrGrp] Part XV Line 3a,F990-PF-PART-15-LINE-03A-COL-01,F990,PF,PART-15,Line 03a Column 01,PF,,text,MANY,PF-P15-T01-SUPPLEMENTARY-INFO-GRANT-PAID,,2014v5.0;2014v6.0;2015v2.0;2015v2.1;2015v3.0;2016v3.0,2016,F,T,,
/Return/ReturnData/IRS990PF/SupplementaryInfomation/GrantOrContriPaidDuringYear/RecipientForeignAddress/AddressLine2,PF_15_G_PAID_RECIP_ADDR_L2,Recipient Foreign Address - AddressLine2,,F990-PF-PART-15-LINE-03A-COL-01,F990,PF,PART-15,Line 03a Column 01,PF,,text,MANY,PF-P15-T01-SUPPLEMENTARY-INFO-GRANT-PAID,,,,,,,
/Return/ReturnData/IRS990PF/SupplementaryInfomation/GrantOrContriPaidDuringYear/RecipientUSAddress/AddressLine2,PF_15_G_PAID_RECIP_ADDR_L2,Recipient USAddress - AddressLine2,,F990-PF-PART-15-LINE-03A-COL-01,F990,PF,PART-15,Line 03a Column 01,PF,,text,MANY,PF-P15-T01-SUPPLEMENTARY-INFO-GRANT-PAID,,,,,,,
/Return/ReturnData/IRS990PF/SupplementaryInformation/GrantOrContriPaidDuringYear/RecipientForeignAddress/AddressLine2,PF_15_G_PAID_RECIP_ADDR_L2,Recipient Foreign Address - AddressLine2,[GrantOrContriPaidDuringYear] Part XV Line 3a,F990-PF-PART-15-LINE-03A-COL-01,F990,PF,PART-15,Line 03a Column 01,PF,,text,MANY,PF-P15-T01-SUPPLEMENTARY-INFO-GRANT-PAID,,2009v1.0;2009v1.1;2009v1.2;2009v1.3;2009v1.4;2009v1.7;2010v3.2;2010v3.4;2010v3.6;2010v3.7;2011v1.2;2011v1.3;2011v1.4;2011v1.5;2012v2.0;2012v2.1;2012v2.2;2012v2.3;2012v3.0,2012,F,T,,
/Return/ReturnData/IRS990PF/SupplementaryInformation/GrantOrContriPaidDuringYear/RecipientUSAddress/AddressLine2,PF_15_G_PAID_RECIP_ADDR_L2,Recipient USAddress - AddressLine2,[GrantOrContriPaidDuringYear] Part XV Line 3a,F990-PF-PART-15-LINE-03A-COL-01,F990,PF,PART-15,Line 03a Column 01,PF,,text,MANY,PF-P15-T01-SUPPLEMENTARY-INFO-GRANT-PAID,,2009v1.0;2009v1.1;2009v1.2;2009v1.3;2009v1.4;2009v1.7;2010v3.2;2010v3.4;2010v3.6;2010v3.7;2011v1.2;2011v1.3;2011v1.4;2011v1.5;2012v2.0;2012v2.1;2012v2.2;2012v2.3;2012v3.0,2012,F,T,,
/Return/ReturnData/IRS990PF/SupplementaryInformationGrp/GrantOrContributionPdDurYrGrp/RecipientForeignAddress/AddressLine2,PF_15_G_PAID_RECIP_ADDR_L2,Recipient Foreign Address - AddressLine2,[GrantOrContributionPdDurYrGrp] Part XV Line 3a,F990-PF-PART-15-LINE-03A-COL-01,F990,PF,PART-15,Line 03a Column 01,PF,,text,MANY,PF-P15-T01-SUPPLEMENTARY-INFO-GRANT-PAID,,2013v3.0;2013v3.1;2013v4.0,2013,F,T,,
/Return/ReturnData/IRS990PF/SupplementaryInformationGrp/GrantOrContributionPdDurYrGrp/RecipientForeignAddress/AddressLine2Txt,PF_15_G_PAID_RECIP_ADDR_L2,Recipient Foreign Address - AddressLine2Txt,[GrantOrContributionPdDurYrGrp] Part XV Line 3a,F990-PF-PART-15-LINE-03A-COL-01,F990,PF,PART-15,Line 03a Column 01,PF,,text,MANY,PF-P15-T01-SUPPLEMENTARY-INFO-GRANT-PAID,,2014v5.0;2014v6.0;2015v2.0;2015v2.1;2015v3.0;2016v3.0,2016,F,T,,
/Return/ReturnData/IRS990PF/SupplementaryInformationGrp/GrantOrContributionPdDurYrGrp/RecipientUSAddress/AddressLine2,PF_15_G_PAID_RECIP_ADDR_L2,Recipient USAddress - AddressLine2,[GrantOrContributionPdDurYrGrp] Part XV Line 3a,F990-PF-PART-15-LINE-03A-COL-01,F990,PF,PART-15,Line 03a Column 01,PF,,text,MANY,PF-P15-T01-SUPPLEMENTARY-INFO-GRANT-PAID,,2013v3.0;2013v3.1;2013v4.0,2013,F,T,,
/Return/ReturnData/IRS990PF/SupplementaryInformationGrp/GrantOrContributionPdDurYrGrp/RecipientUSAddress/AddressLine2Txt,PF_15_G_PAID_RECIP_ADDR_L2,Recipient USAddress - AddressLine2Txt,[GrantOrContributionPdDurYrGrp] Part XV Line 3a,F990-PF-PART-15-LINE-03A-COL-01,F990,PF,PART-15,Line 03a Column 01,PF,,text,MANY,PF-P15-T01-SUPPLEMENTARY-INFO-GRANT-PAID,,2014v5.0;2014v6.0;2015v2.0;2015v2.1;2015v3.0;2016v3.0,2016,F,T,,
/Return/ReturnData/IRS990PF/SupplementaryInfomation/GrantOrContriPaidDuringYear/RecipientForeignAddress/ProvinceOrState,PF_15_G_PAID_RECIP_ADDR_STATE,Province or state,,F990-PF-PART-15-LINE-03A-COL-01,F990,PF,PART-15,Line 03a Column 01,PF,,text,MANY,PF-P15-T01-SUPPLEMENTARY-INFO-GRANT-PAID,,,,,,,
/Return/ReturnData/IRS990PF/SupplementaryInfomation/GrantOrContriPaidDuringYear/RecipientUSAddress/State,PF_15_G_PAID_RECIP_ADDR_STATE,Recipient USAddress - State,,F990-PF-PART-15-LINE-03A-COL-01,F990,PF,PART-15,Line 03a Column 01,PF,,text,MANY,PF-P15-T01-SUPPLEMENTARY-INFO-GRANT-PAID,,,,,,,
/Return/ReturnData/IRS990PF/SupplementaryInformation/GrantOrContriPaidDuringYear/RecipientForeignAddress/ProvinceOrState,PF_15_G_PAID_RECIP_ADDR_STATE,Province or state,[GrantOrContriPaidDuringYear] Part XV Line 3a,F990-PF-PART-15-LINE-03A-COL-01,F990,PF,PART-15,Line 03a Column 01,PF,,text,MANY,PF-P15-T01-SUPPLEMENTARY-INFO-GRANT-PAID,,2009v1.0;2009v1.1;2009v1.2;2009v1.3;2009v1.4;2009v1.7;2010v3.2;2010v3.4;2010v3.6;2010v3.7;2011v1.2;2011v1.3;2011v1.4;2011v1.5;2012v2.0;2012v2.1;2012v2.2;2012v2.3;2012v3.0,2012,F,T,,
/Return/ReturnData/IRS990PF/SupplementaryInformation/GrantOrContriPaidDuringYear/RecipientUSAddress/State,PF_15_G_PAID_RECIP_ADDR_STATE,Recipient USAddress - State,[GrantOrContriPaidDuringYear] Part XV Line 3a,F990-PF-PART-15-LINE-03A-COL-01,F990,PF,PART-15,Line 03a Column 01,PF,,text,MANY,PF-P15-T01-SUPPLEMENTARY-INFO-GRANT-PAID,,2009v1.0;2009v1.1;2009v1.2;2009v1.3;2009v1.4;2009v1.7;2010v3.2;2010v3.4;2010v3.6;2010v3.7;2011v1.2;2011v1.3;2011v1.4;2011v1.5;2012v2.0;2012v2.1;2012v2.2;2012v2.3;2012v3.0,2012,F,T,,
/Return/ReturnData/IRS990PF/SupplementaryInformationGrp/GrantOrContributionPdDurYrGrp/RecipientForeignAddress/ProvinceOrState,PF_15_G_PAID_RECIP_ADDR_STATE,Province or state,[GrantOrContributionPdDurYrGrp] Part XV Line 3a,F990-PF-PART-15-LINE-03A-COL-01,F990,PF,PART-15,Line 03a Column 01,PF,,text,MANY,PF-P15-T01-SUPPLEMENTARY-INFO-GRANT-PAID,,2013v3.0;2013v3.1;2013v4.0,2013,F,T,,
/Return/ReturnData/IRS990PF/SupplementaryInformationGrp/GrantOrContributionPdDurYrGrp/RecipientForeignAddress/ProvinceOrStateNm,PF_15_G_PAID_RECIP_ADDR_STATE,Province or state,[GrantOrContributionPdDurYrGrp] Part XV Line 3a,F990-PF-PART-15-LINE-03A-COL-01,F990,PF,PART-15,Line 03a Column 01,PF,,text,MANY,PF-P15-T01-SUPPLEMENTARY-INFO-GRANT-PAID,,2014v5.0;2014v6.0;2015v2.0;2015v2.1;2015v3.0;2016v3.0,2016,F,T,,
/Return/ReturnData/IRS990PF/SupplementaryInformationGrp/GrantOrContributionPdDurYrGrp/RecipientUSAddress/State,PF_15_G_PAID_RECIP_ADDR_STATE,Recipient USAddress - State,[GrantOrContributionPdDurYrGrp] Part XV Line 3a,F990-PF-PART-15-LINE-03A-COL-01,F990,PF,PART-15,Line 03a Column 01,PF,,text,MANY,PF-P15-T01-SUPPLEMENTARY-INFO-GRANT-PAID,,2013v3.0;2013v3.1;2013v4.0,2013,F,T,,
/Return/ReturnData/IRS990PF/SupplementaryInformationGrp/GrantOrContributionPdDurYrGrp/RecipientUSAddress/StateAbbreviationCd,PF_15_G_PAID_RECIP_ADDR_STATE,Recipient USAddress - StateAbbreviationCd,[GrantOrContributionPdDurYrGrp] Part XV Line 3a,F990-PF-PART-15-LINE-03A-COL-01,F990,PF,PART-15,Line 03a Column 01,PF,,text,MANY,PF-P15-T01-SUPPLEMENTARY-INFO-GRANT-PAID,,2014v5.0;2014v6.0;2015v2.0;2015v2.1;2015v3.0;2016v3.0,2016,F,T,,
/Return/ReturnData/IRS990PF/SupplementaryInfomation/GrantOrContriPaidDuringYear/RecipientForeignAddress/PostalCode,PF_15_G_PAID_RECIP_ADDR_ZIP,Recipient Foreign Address - Postal code,,F990-PF-PART-15-LINE-03A-COL-01,F990,PF,PART-15,Line 03a Column 01,PF,,text,MANY,PF-P15-T01-SUPPLEMENTARY-INFO-GRANT-PAID,,,,,,,
/Return/ReturnData/IRS990PF/SupplementaryInfomation/GrantOrContriPaidDuringYear/RecipientUSAddress/ZIPCode,PF_15_G_PAID_RECIP_ADDR_ZIP,Recipient USAddress - ZIPCode,,F990-PF-PART-15-LINE-03A-COL-01,F990,PF,PART-15,Line 03a Column 01,PF,,text,MANY,PF-P15-T01-SUPPLEMENTARY-INFO-GRANT-PAID,,,,,,,
/Return/ReturnData/IRS990PF/SupplementaryInformation/GrantOrContriPaidDuringYear/RecipientForeignAddress/PostalCode,PF_15_G_PAID_RECIP_ADDR_ZIP,Recipient Foreign Address - Postal code,[GrantOrContriPaidDuringYear] Part XV Line 3a,F990-PF-PART-15-LINE-03A-COL-01,F990,PF,PART-15,Line 03a Column 01,PF,,text,MANY,PF-P15-T01-SUPPLEMENTARY-INFO-GRANT-PAID,,2009v1.0;2009v1.1;2009v1.2;2009v1.3;2009v1.4;2009v1.7;2010v3.2;2010v3.4;2010v3.6;2010v3.7;2011v1.2;2011v1.3;2011v1.4;2011v1.5;2012v2.0;2012v2.1;2012v2.2;2012v2.3;2012v3.0,2012,F,T,,
/Return/ReturnData/IRS990PF/SupplementaryInformation/GrantOrContriPaidDuringYear/RecipientUSAddress/ZIPCode,PF_15_G_PAID_RECIP_ADDR_ZIP,Recipient USAddress - ZIPCode,[GrantOrContriPaidDuringYear] Part XV Line 3a,F990-PF-PART-15-LINE-03A-COL-01,F990,PF,PART-15,Line 03a Column 01,PF,,text,MANY,PF-P15-T01-SUPPLEMENTARY-INFO-GRANT-PAID,,2009v1.0;2009v1.1;2009v1.2;2009v1.3;2009v1.4;2009v1.7;2010v3.2;2010v3.4;2010v3.6;2010v3.7;2011v1.2;2011v1.3;2011v1.4;2011v1.5;2012v2.0;2012v2.1;2012v2.2;2012v2.3;2012v3.0,2012,F,T,,
/Return/ReturnData/IRS990PF/SupplementaryInformationGrp/GrantOrContributionPdDurYrGrp/RecipientForeignAddress/ForeignPostalCd,PF_15_G_PAID_RECIP_ADDR_ZIP,Recipient Foreign Address - Postal code,[GrantOrContributionPdDurYrGrp] Part XV Line 3a,F990-PF-PART-15-LINE-03A-COL-01,F990,PF,PART-15,Line 03a Column 01,PF,,text,MANY,PF-P15-T01-SUPPLEMENTARY-INFO-GRANT-PAID,,2014v5.0;2014v6.0;2015v2.0;2015v2.1;2015v3.0;2016v3.0,2016,F,T,,
/Return/ReturnData/IRS990PF/SupplementaryInformationGrp/GrantOrContributionPdDurYrGrp/RecipientForeignAddress/PostalCode,PF_15_G_PAID_RECIP_ADDR_ZIP,Recipient Foreign Address - Postal code,[GrantOrContributionPdDurYrGrp] Part XV Line 3a,F990-PF-PART-15-LINE-03A-COL-01,F990,PF,PART-15,Line 03a Column 01,PF,,text,MANY,PF-P15-T01-SUPPLEMENTARY-INFO-GRANT-PAID,,2013v3.0;2013v3.1;2013v4.0,2013,F,T,,
/Return/ReturnData/IRS990PF/SupplementaryInformationGrp/GrantOrContributionPdDurYrGrp/RecipientUSAddress/ZIPCd,PF_15_G_PAID_RECIP_ADDR_ZIP,Recipient USAddress - ZIPCd,[GrantOrContributionPdDurYrGrp] Part XV Line 3a,F990-PF-PART-15-LINE-03A-COL-01,F990,PF,PART-15,Line 03a Column 01,PF,,text,MANY,PF-P15-T01-SUPPLEMENTARY-INFO-GRANT-PAID,,2014v5.0;2014v6.0;2015v2.0;2015v2.1;2015v3.0;2016v3.0,2016,F,T,,
/Return/ReturnData/IRS990PF/SupplementaryInformationGrp/GrantOrContributionPdDurYrGrp/RecipientUSAddress/ZIPCode,PF_15_G_PAID_RECIP_ADDR_ZIP,Recipient USAddress - ZIPCode,[GrantOrContributionPdDurYrGrp] Part XV Line 3a,F990-PF-PART-15-LINE-03A-COL-01,F990,PF,PART-15,Line 03a Column 01,PF,,text,MANY,PF-P15-T01-SUPPLEMENTARY-INFO-GRANT-PAID,,2013v3.0;2013v3.1;2013v4.0,2013,F,T,,
/Return/ReturnData/IRS990PF/SupplementaryInfomation/GrantOrContriPaidDuringYear/RecipientBusinessName/BusinessNameLine1,PF_15_G_PAID_RECIP_NAME_ORG_L1,Recipient Business Name - BusinessNameLine1,,F990-PF-PART-15-LINE-03A-COL-01,F990,PF,PART-15,Line 03a Column 01,PF,,text,MANY,PF-P15-T01-SUPPLEMENTARY-INFO-GRANT-PAID,,,,,,,
/Return/ReturnData/IRS990PF/SupplementaryInformation/GrantOrContriPaidDuringYear/RecipientBusinessName/BusinessNameLine1,PF_15_G_PAID_RECIP_NAME_ORG_L1,Recipient Business Name - BusinessNameLine1,[GrantOrContriPaidDuringYear] Part XV Line 3a,F990-PF-PART-15-LINE-03A-COL-01,F990,PF,PART-15,Line 03a Column 01,PF,,text,MANY,PF-P15-T01-SUPPLEMENTARY-INFO-GRANT-PAID,,2009v1.0;2009v1.1;2009v1.2;2009v1.3;2009v1.4;2009v1.7;2010v3.2;2010v3.4;2010v3.6;2010v3.7;2011v1.2;2011v1.3;2011v1.4;2011v1.5;2012v2.0;2012v2.1;2012v2.2;2012v2.3;2012v3.0,2012,F,T,,
/Return/ReturnData/IRS990PF/SupplementaryInformationGrp/GrantOrContributionPdDurYrGrp/RecipientBusinessName/BusinessNameLine1,PF_15_G_PAID_RECIP_NAME_ORG_L1,Recipient Business Name - BusinessNameLine1,[GrantOrContributionPdDurYrGrp] Part XV Line 3a,F990-PF-PART-15-LINE-03A-COL-01,F990,PF,PART-15,Line 03a Column 01,PF,,text,MANY,PF-P15-T01-SUPPLEMENTARY-INFO-GRANT-PAID,,2013v3.0;2013v3.1;2013v4.0,2013,F,T,,
/Return/ReturnData/IRS990PF/SupplementaryInformationGrp/GrantOrContributionPdDurYrGrp/RecipientBusinessName/BusinessNameLine1Txt,PF_15_G_PAID_RECIP_NAME_ORG_L1,Recipient Business Name - BusinessNameLine1Txt,[GrantOrContributionPdDurYrGrp] Part XV Line 3a,F990-PF-PART-15-LINE-03A-COL-01,F990,PF,PART-15,Line 03a Column 01,PF,,text,MANY,PF-P15-T01-SUPPLEMENTARY-INFO-GRANT-PAID,,2014v5.0;2014v6.0;2015v2.0;2015v2.1;2015v3.0;2016v3.0,2016,F,T,,
/Return/ReturnData/IRS990PF/SupplementaryInfomation/GrantOrContriPaidDuringYear/RecipientBusinessName/BusinessNameLine2,PF_15_G_PAID_RECIP_NAME_ORG_L2,Recipient Business Name - BusinessNameLine2,,F990-PF-PART-15-LINE-03A-COL-01,F990,PF,PART-15,Line 03a Column 01,PF,,text,MANY,PF-P15-T01-SUPPLEMENTARY-INFO-GRANT-PAID,,,,,,,
/Return/ReturnData/IRS990PF/SupplementaryInformation/GrantOrContriPaidDuringYear/RecipientBusinessName/BusinessNameLine2,PF_15_G_PAID_RECIP_NAME_ORG_L2,Recipient Business Name - BusinessNameLine2,[GrantOrContriPaidDuringYear] Part XV Line 3a,F990-PF-PART-15-LINE-03A-COL-01,F990,PF,PART-15,Line 03a Column 01,PF,,text,MANY,PF-P15-T01-SUPPLEMENTARY-INFO-GRANT-PAID,,2009v1.0;2009v1.1;2009v1.2;2009v1.3;2009v1.4;2009v1.7;2010v3.2;2010v3.4;2010v3.6;2010v3.7;2011v1.2;2011v1.3;2011v1.4;2011v1.5;2012v2.0;2012v2.1;2012v2.2;2012v2.3;2012v3.0,2012,F,T,,
/Return/ReturnData/IRS990PF/SupplementaryInformationGrp/GrantOrContributionPdDurYrGrp/RecipientBusinessName/BusinessNameLine2,PF_15_G_PAID_RECIP_NAME_ORG_L2,Recipient Business Name - BusinessNameLine2,[GrantOrContributionPdDurYrGrp] Part XV Line 3a,F990-PF-PART-15-LINE-03A-COL-01,F990,PF,PART-15,Line 03a Column 01,PF,,text,MANY,PF-P15-T01-SUPPLEMENTARY-INFO-GRANT-PAID,,2013v3.0;2013v3.1;2013v4.0,2013,F,T,,
/Return/ReturnData/IRS990PF/SupplementaryInformationGrp/GrantOrContributionPdDurYrGrp/RecipientBusinessName/BusinessNameLine2Txt,PF_15_G_PAID_RECIP_NAME_ORG_L2,Recipient Business Name - BusinessNameLine2Txt,[GrantOrContributionPdDurYrGrp] Part XV Line 3a,F990-PF-PART-15-LINE-03A-COL-01,F990,PF,PART-15,Line 03a Column 01,PF,,text,MANY,PF-P15-T01-SUPPLEMENTARY-INFO-GRANT-PAID,,2014v5.0;2014v6.0;2015v2.0;2015v2.1;2015v3.0;2016v3.0,2016,F,T,,
/Return/ReturnData/IRS990PF/SupplementaryInfomation/GrantOrContriPaidDuringYear/RecipientPersonName,PF_15_G_PAID_RECIP_NAME_PERS,Recipient Person Name,,F990-PF-PART-15-LINE-03A-COL-01,F990,PF,PART-15,Line 03a Column 01,PF,,text,MANY,PF-P15-T01-SUPPLEMENTARY-INFO-GRANT-PAID,,,,,,,
/Return/ReturnData/IRS990PF/SupplementaryInformation/GrantOrContriPaidDuringYear/RecipientPersonName,PF_15_G_PAID_RECIP_NAME_PERS,Recipient Person Name,[GrantOrContriPaidDuringYear] Part XV Line 3a,F990-PF-PART-15-LINE-03A-COL-01,F990,PF,PART-15,Line 03a Column 01,PF,,text,MANY,PF-P15-T01-SUPPLEMENTARY-INFO-GRANT-PAID,,2009v1.0;2009v1.1;2009v1.2;2009v1.3;2009v1.4;2009v1.7;2010v3.2;2010v3.4;2010v3.6;2010v3.7;2011v1.2;2011v1.3;2011v1.4;2011v1.5;2012v2.0;2012v2.1;2012v2.2;2012v2.3;2012v3.0,2012,F,T,,
/Return/ReturnData/IRS990PF/SupplementaryInformationGrp/GrantOrContributionPdDurYrGrp/RecipientPersonNm,PF_15_G_PAID_RECIP_NAME_PERS,Recipient Person Name,[GrantOrContributionPdDurYrGrp] Part XV Line 3a,F990-PF-PART-15-LINE-03A-COL-01,F990,PF,PART-15,Line 03a Column 01,PF,,text,MANY,PF-P15-T01-SUPPLEMENTARY-INFO-GRANT-PAID,,2013v3.0;2013v3.1;2013v4.0;2014v5.0;2014v6.0;2015v2.0;2015v2.1;2015v3.0;2016v3.0,2016,F,T,,
/Return/ReturnData/IRS990PF/SupplementaryInfomation/GrantOrContriPaidDuringYear/RecipientRelationship,PF_15_G_PAID_RELATIONSHIP,Recipient Relationship to Foundation Manager or Substantial Contributor,,F990-PF-PART-15-LINE-03A-COL-02,F990,PF,PART-15,Line 03a Column 02,PF,,text,MANY,PF-P15-T01-SUPPLEMENTARY-INFO-GRANT-PAID,,,,,,,
/Return/ReturnData/IRS990PF/SupplementaryInformation/GrantOrContriPaidDuringYear/RecipientRelationship,PF_15_G_PAID_RELATIONSHIP,Recipient Relationship to Foundation Manager or Substantial Contributor,[GrantOrContriPaidDuringYear] Part XV Line 3a,F990-PF-PART-15-LINE-03A-COL-02,F990,PF,PART-15,Line 03a Column 02,PF,,text,MANY,PF-P15-T01-SUPPLEMENTARY-INFO-GRANT-PAID,,2009v1.0;2009v1.1;2009v1.2;2009v1.3;2009v1.4;2009v1.7;2010v3.2;2010v3.4;2010v3.6;2010v3.7;2011v1.2;2011v1.3;2011v1.4;2011v1.5;2012v2.0;2012v2.1;2012v2.2;2012v2.3;2012v3.0,2012,F,T,,
/Return/ReturnData/IRS990PF/SupplementaryInformationGrp/GrantOrContributionPdDurYrGrp/RecipientRelationshipTxt,PF_15_G_PAID_RELATIONSHIP,Recipient Relationship to Foundation Manager or Substantial Contributor,[GrantOrContributionPdDurYrGrp] Part XV Line 3a,F990-PF-PART-15-LINE-03A-COL-02,F990,PF,PART-15,Line 03a Column 02,PF,,text,MANY,PF-P15-T01-SUPPLEMENTARY-INFO-GRANT-PAID,,2013v3.0;2013v3.1;2013v4.0;2014v5.0;2014v6.0;2015v2.0;2015v2.1;2015v3.0;2016v3.0,2016,F,T,,
/Return/ReturnData/IRS990PF/SupplementaryInfomation/GrantOrContriPaidDuringYear/RecipientFoundationStatus,PF_15_G_PAID_RECIP_STAT,Recipient's Foundation Status,,F990-PF-PART-15-LINE-03A-COL-03,F990,PF,PART-15,Line 03a Column 03,PF,,text,MANY,PF-P15-T01-SUPPLEMENTARY-INFO-GRANT-PAID,,,,,,,
/Return/ReturnData/IRS990PF/SupplementaryInformation/GrantOrContriPaidDuringYear/RecipientFoundationStatus,PF_15_G_PAID_RECIP_STAT,Recipient's Foundation Status,[GrantOrContriPaidDuringYear] Part XV Line 3a,F990-PF-PART-15-LINE-03A-COL-03,F990,PF,PART-15,Line 03a Column 03,PF,,text,MANY,PF-P15-T01-SUPPLEMENTARY-INFO-GRANT-PAID,,2009v1.0;2009v1.1;2009v1.2;2009v1.3;2009v1.4;2009v1.7;2010v3.2;2010v3.4;2010v3.6;2010v3.7;2011v1.2;2011v1.3;2011v1.4;2011v1.5;2012v2.0;2012v2.1;2012v2.2;2012v2.3;2012v3.0,2012,F,T,,
/Return/ReturnData/IRS990PF/SupplementaryInformationGrp/GrantOrContributionPdDurYrGrp/RecipientFoundationStatusTxt,PF_15_G_PAID_RECIP_STAT,Recipient's Foundation Status,[GrantOrContributionPdDurYrGrp] Part XV Line 3a,F990-PF-PART-15-LINE-03A-COL-03,F990,PF,PART-15,Line 03a Column 03,PF,,text,MANY,PF-P15-T01-SUPPLEMENTARY-INFO-GRANT-PAID,,2013v3.0;2013v3.1;2013v4.0;2014v5.0;2014v6.0;2015v2.0;2015v2.1;2015v3.0;2016v3.0,2016,F,T,,
/Return/ReturnData/IRS990PF/SupplementaryInfomation/GrantOrContriPaidDuringYear/PurposeOfGrantOrContribution,PF_15_G_PAID_PURPOSE,Purpose of Grant or Contribution,,F990-PF-PART-15-LINE-03A-COL-04,F990,PF,PART-15,Line 03a Column 04,PF,,text,MANY,PF-P15-T01-SUPPLEMENTARY-INFO-GRANT-PAID,,,,,,,
/Return/ReturnData/IRS990PF/SupplementaryInformation/GrantOrContriPaidDuringYear/PurposeOfGrantOrContribution,PF_15_G_PAID_PURPOSE,Purpose of Grant or Contribution,[GrantOrContriPaidDuringYear] Part XV Line 3a,F990-PF-PART-15-LINE-03A-COL-04,F990,PF,PART-15,Line 03a Column 04,PF,,text,MANY,PF-P15-T01-SUPPLEMENTARY-INFO-GRANT-PAID,,2009v1.0;2009v1.1;2009v1.2;2009v1.3;2009v1.4;2009v1.7;2010v3.2;2010v3.4;2010v3.6;2010v3.7;2011v1.2;2011v1.3;2011v1.4;2011v1.5;2012v2.0;2012v2.1;2012v2.2;2012v2.3;2012v3.0,2012,F,T,,
/Return/ReturnData/IRS990PF/SupplementaryInformationGrp/GrantOrContributionPdDurYrGrp/GrantOrContributionPurposeTxt,PF_15_G_PAID_PURPOSE,Purpose of Grant or Contribution,[GrantOrContributionPdDurYrGrp] Part XV Line 3a,F990-PF-PART-15-LINE-03A-COL-04,F990,PF,PART-15,Line 03a Column 04,PF,,text,MANY,PF-P15-T01-SUPPLEMENTARY-INFO-GRANT-PAID,,2013v3.0;2013v3.1;2013v4.0;2014v5.0;2014v6.0;2015v2.0;2015v2.1;2015v3.0;2016v3.0,2016,F,T,,
/Return/ReturnData/IRS990PF/SupplementaryInfomation/GrantOrContriPaidDuringYear/Amount,PF_15_G_PAID_AMT,Grant Or Contri Paid During Year - Amount,,F990-PF-PART-15-LINE-03A-COL-05,F990,PF,PART-15,Line 03a Column 05,PF,,numeric,MANY,PF-P15-T01-SUPPLEMENTARY-INFO-GRANT-PAID,,,,,,,
/Return/ReturnData/IRS990PF/SupplementaryInformation/GrantOrContriPaidDuringYear/Amount,PF_15_G_PAID_AMT,Grant Or Contri Paid During Year - Amount,[GrantOrContriPaidDuringYear] Part XV Line 3a,F990-PF-PART-15-LINE-03A-COL-05,F990,PF,PART-15,Line 03a Column 05,PF,,numeric,MANY,PF-P15-T01-SUPPLEMENTARY-INFO-GRANT-PAID,,2009v1.0;2009v1.1;2009v1.2;2009v1.3;2009v1.4;2009v1.7;2010v3.2;2010v3.4;2010v3.6;2010v3.7;2011v1.2;2011v1.3;2011v1.4;2011v1.5;2012v2.0;2012v2.1;2012v2.2;2012v2.3;2012v3.0,2012,F,T,,
/Return/ReturnData/IRS990PF/SupplementaryInformationGrp/GrantOrContributionPdDurYrGrp/Amt,PF_15_G_PAID_AMT,Grant Or Contribution Pd Dur Yr Grp - Amount,[GrantOrContributionPdDurYrGrp] Part XV Line 3a,F990-PF-PART-15-LINE-03A-COL-05,F990,PF,PART-15,Line 03a Column 05,PF,,numeric,MANY,PF-P15-T01-SUPPLEMENTARY-INFO-GRANT-PAID,,2013v3.0;2013v3.1;2013v4.0;2014v5.0;2014v6.0;2015v2.0;2015v2.1;2015v3.0;2016v3.0,2016,F,T,,
/Return/ReturnData/IRS990PF/SupplementaryInfomation/TotGrantOrContriPaidDuringYear,PF_15_G_PAID_AMT_TOT,Total Grant or Contribution Paid During Year,,F990-PF-PART-15-LINE-03A-COL-05-TOT,F990,PF,PART-15,Line 03a Column 05 Tot,PF,,numeric,ONE,PF-P15-T00-SUPPLEMENTARY-INFO-GRANT-PAID,,,,,,,
/Return/ReturnData/IRS990PF/SupplementaryInformation/TotGrantOrContriPaidDuringYear,PF_15_G_PAID_AMT_TOT,Total Grant or Contribution Paid During Year,[TotGrantOrContriPaidDuringYear] Part XV Line 3a Total,F990-PF-PART-15-LINE-03A-COL-05-TOT,F990,PF,PART-15,Line 03a Column 05 Tot,PF,,numeric,ONE,PF-P15-T00-SUPPLEMENTARY-INFO-GRANT-PAID,,2009v1.0;2009v1.1;2009v1.2;2009v1.3;2009v1.4;2009v1.7;2010v3.2;2010v3.4;2010v3.6;2010v3.7;2011v1.2;2011v1.3;2011v1.4;2011v1.5;2012v2.0;2012v2.1;2012v2.2;2012v2.3;2012v3.0,2012,F,T,,
/Return/ReturnData/IRS990PF/SupplementaryInformationGrp/TotalGrantOrContriPdDurYrAmt,PF_15_G_PAID_AMT_TOT,Total Grant or Contribution Paid During Year,[TotalGrantOrContriPdDurYrAmt] Part XV Line 3a Total,F990-PF-PART-15-LINE-03A-COL-05-TOT,F990,PF,PART-15,Line 03a Column 05 Tot,PF,,numeric,ONE,PF-P15-T00-SUPPLEMENTARY-INFO-GRANT-PAID,,2013v3.0;2013v3.1;2013v4.0;2014v5.0;2014v6.0;2015v2.0;2015v2.1;2015v3.0;2016v3.0,2016,F,T,,
/Return/ReturnData/IRS990PF/SupplementaryInfomation/GrantOrContriApprovedForFuture/RecipientForeignAddress/City,PF_15_G_FUTURE_RECIP_ADDR_CITY,Recipient Foreign Address - City,,F990-PF-PART-15-LINE-03B-COL-01,F990,PF,PART-15,Line 03b Column 01,PF,,text,MANY,PF-P15-T02-SUPPLEMENTARY-INFO-GRANT-FUTURE,,,,,,,
/Return/ReturnData/IRS990PF/SupplementaryInfomation/GrantOrContriApprovedForFuture/RecipientUSAddress/City,PF_15_G_FUTURE_RECIP_ADDR_CITY,Recipient USAddress - City,,F990-PF-PART-15-LINE-03B-COL-01,F990,PF,PART-15,Line 03b Column 01,PF,,text,MANY,PF-P15-T02-SUPPLEMENTARY-INFO-GRANT-FUTURE,,,,,,,
/Return/ReturnData/IRS990PF/SupplementaryInformation/GrantOrContriApprovedForFuture/RecipientForeignAddress/City,PF_15_G_FUTURE_RECIP_ADDR_CITY,Recipient Foreign Address - City,[GrantOrContriApprovedForFuture] Part XV Line 3b,F990-PF-PART-15-LINE-03B-COL-01,F990,PF,PART-15,Line 03b Column 01,PF,,text,MANY,PF-P15-T02-SUPPLEMENTARY-INFO-GRANT-FUTURE,,2009v1.0;2009v1.1;2009v1.2;2009v1.3;2009v1.4;2009v1.7;2010v3.2;2010v3.4;2010v3.6;2010v3.7;2011v1.2;2011v1.3;2011v1.4;2011v1.5;2012v2.0;2012v2.1;2012v2.2;2012v2.3;2012v3.0,2012,F,T,,
/Return/ReturnData/IRS990PF/SupplementaryInformation/GrantOrContriApprovedForFuture/RecipientUSAddress/City,PF_15_G_FUTURE_RECIP_ADDR_CITY,Recipient USAddress - City,[GrantOrContriApprovedForFuture] Part XV Line 3b,F990-PF-PART-15-LINE-03B-COL-01,F990,PF,PART-15,Line 03b Column 01,PF,,text,MANY,PF-P15-T02-SUPPLEMENTARY-INFO-GRANT-FUTURE,,2009v1.0;2009v1.1;2009v1.2;2009v1.3;2009v1.4;2009v1.7;2010v3.2;2010v3.4;2010v3.6;2010v3.7;2011v1.2;2011v1.3;2011v1.4;2011v1.5;2012v2.0;2012v2.1;2012v2.2;2012v2.3;2012v3.0,2012,F,T,,
/Return/ReturnData/IRS990PF/SupplementaryInformationGrp/GrantOrContriApprvForFutGrp/RecipientForeignAddress/City,PF_15_G_FUTURE_RECIP_ADDR_CITY,Recipient Foreign Address - City,[GrantOrContriApprvForFutGrp] Part XV Line 3b,F990-PF-PART-15-LINE-03B-COL-01,F990,PF,PART-15,Line 03b Column 01,PF,,text,MANY,PF-P15-T02-SUPPLEMENTARY-INFO-GRANT-FUTURE,,2013v3.0;2013v3.1;2013v4.0,2013,F,T,,
/Return/ReturnData/IRS990PF/SupplementaryInformationGrp/GrantOrContriApprvForFutGrp/RecipientForeignAddress/CityNm,PF_15_G_FUTURE_RECIP_ADDR_CITY,Recipient Foreign Address - City,[GrantOrContriApprvForFutGrp] Part XV Line 3b,F990-PF-PART-15-LINE-03B-COL-01,F990,PF,PART-15,Line 03b Column 01,PF,,text,MANY,PF-P15-T02-SUPPLEMENTARY-INFO-GRANT-FUTURE,,2014v5.0;2014v6.0;2015v2.0;2015v2.1;2015v3.0;2016v3.0,2016,F,T,,
/Return/ReturnData/IRS990PF/SupplementaryInformationGrp/GrantOrContriApprvForFutGrp/RecipientUSAddress/City,PF_15_G_FUTURE_RECIP_ADDR_CITY,Recipient USAddress - City,[GrantOrContriApprvForFutGrp] Part XV Line 3b,F990-PF-PART-15-LINE-03B-COL-01,F990,PF,PART-15,Line 03b Column 01,PF,,text,MANY,PF-P15-T02-SUPPLEMENTARY-INFO-GRANT-FUTURE,,2013v3.0;2013v3.1;2013v4.0,2013,F,T,,
/Return/ReturnData/IRS990PF/SupplementaryInformationGrp/GrantOrContriApprvForFutGrp/RecipientUSAddress/CityNm,PF_15_G_FUTURE_RECIP_ADDR_CITY,Recipient USAddress - CityNm,[GrantOrContriApprvForFutGrp] Part XV Line 3b,F990-PF-PART-15-LINE-03B-COL-01,F990,PF,PART-15,Line 03b Column 01,PF,,text,MANY,PF-P15-T02-SUPPLEMENTARY-INFO-GRANT-FUTURE,,2014v5.0;2014v6.0;2015v2.0;2015v2.1;2015v3.0;2016v3.0,2016,F,T,,
/Return/ReturnData/IRS990PF/SupplementaryInfomation/GrantOrContriApprovedForFuture/RecipientForeignAddress/Country,PF_15_G_FUTURE_RECIP_ADDR_CNTR,Recipient Foreign Address - Country,,F990-PF-PART-15-LINE-03B-COL-01,F990,PF,PART-15,Line 03b Column 01,PF,,text,MANY,PF-P15-T02-SUPPLEMENTARY-INFO-GRANT-FUTURE,,,,,,,
/Return/ReturnData/IRS990PF/SupplementaryInformation/GrantOrContriApprovedForFuture/RecipientForeignAddress/Country,PF_15_G_FUTURE_RECIP_ADDR_CNTR,Recipient Foreign Address - Country,[GrantOrContriApprovedForFuture] Part XV Line 3b,F990-PF-PART-15-LINE-03B-COL-01,F990,PF,PART-15,Line 03b Column 01,PF,,text,MANY,PF-P15-T02-SUPPLEMENTARY-INFO-GRANT-FUTURE,,2009v1.0;2009v1.1;2009v1.2;2009v1.3;2009v1.4;2009v1.7;2010v3.2;2010v3.4;2010v3.6;2010v3.7;2011v1.2;2011v1.3;2011v1.4;2011v1.5;2012v2.0;2012v2.1;2012v2.2;2012v2.3;2012v3.0,2012,F,T,,
/Return/ReturnData/IRS990PF/SupplementaryInformationGrp/GrantOrContriApprvForFutGrp/RecipientForeignAddress/Country,PF_15_G_FUTURE_RECIP_ADDR_CNTR,Recipient Foreign Address - Country,[GrantOrContriApprvForFutGrp] Part XV Line 3b,F990-PF-PART-15-LINE-03B-COL-01,F990,PF,PART-15,Line 03b Column 01,PF,,text,MANY,PF-P15-T02-SUPPLEMENTARY-INFO-GRANT-FUTURE,,2013v3.0;2013v3.1;2013v4.0,2013,F,T,,
/Return/ReturnData/IRS990PF/SupplementaryInformationGrp/GrantOrContriApprvForFutGrp/RecipientForeignAddress/CountryCd,PF_15_G_FUTURE_RECIP_ADDR_CNTR,Recipient Foreign Address - Country,[GrantOrContriApprvForFutGrp] Part XV Line 3b,F990-PF-PART-15-LINE-03B-COL-01,F990,PF,PART-15,Line 03b Column 01,PF,,text,MANY,PF-P15-T02-SUPPLEMENTARY-INFO-GRANT-FUTURE,,2014v5.0;2014v6.0;2015v2.0;2015v2.1;2015v3.0;2016v3.0,2016,F,T,,
/Return/ReturnData/IRS990PF/SupplementaryInfomation/GrantOrContriApprovedForFuture/RecipientForeignAddress/AddressLine1,PF_15_G_FUTURE_RECIP_ADDR_L1,Recipient Foreign Address - AddressLine1,,F990-PF-PART-15-LINE-03B-COL-01,F990,PF,PART-15,Line 03b Column 01,PF,,text,MANY,PF-P15-T02-SUPPLEMENTARY-INFO-GRANT-FUTURE,,,,,,,
/Return/ReturnData/IRS990PF/SupplementaryInfomation/GrantOrContriApprovedForFuture/RecipientUSAddress/AddressLine1,PF_15_G_FUTURE_RECIP_ADDR_L1,Recipient USAddress - AddressLine1,,F990-PF-PART-15-LINE-03B-COL-01,F990,PF,PART-15,Line 03b Column 01,PF,,text,MANY,PF-P15-T02-SUPPLEMENTARY-INFO-GRANT-FUTURE,,,,,,,
/Return/ReturnData/IRS990PF/SupplementaryInformation/GrantOrContriApprovedForFuture/RecipientForeignAddress/AddressLine1,PF_15_G_FUTURE_RECIP_ADDR_L1,Recipient Foreign Address - AddressLine1,[GrantOrContriApprovedForFuture] Part XV Line 3b,F990-PF-PART-15-LINE-03B-COL-01,F990,PF,PART-15,Line 03b Column 01,PF,,text,MANY,PF-P15-T02-SUPPLEMENTARY-INFO-GRANT-FUTURE,,2009v1.0;2009v1.1;2009v1.2;2009v1.3;2009v1.4;2009v1.7;2010v3.2;2010v3.4;2010v3.6;2010v3.7;2011v1.2;2011v1.3;2011v1.4;2011v1.5;2012v2.0;2012v2.1;2012v2.2;2012v2.3;2012v3.0,2012,F,T,,
/Return/ReturnData/IRS990PF/SupplementaryInformation/GrantOrContriApprovedForFuture/RecipientUSAddress/AddressLine1,PF_15_G_FUTURE_RECIP_ADDR_L1,Recipient USAddress - AddressLine1,[GrantOrContriApprovedForFuture] Part XV Line 3b,F990-PF-PART-15-LINE-03B-COL-01,F990,PF,PART-15,Line 03b Column 01,PF,,text,MANY,PF-P15-T02-SUPPLEMENTARY-INFO-GRANT-FUTURE,,2009v1.0;2009v1.1;2009v1.2;2009v1.3;2009v1.4;2009v1.7;2010v3.2;2010v3.4;2010v3.6;2010v3.7;2011v1.2;2011v1.3;2011v1.4;2011v1.5;2012v2.0;2012v2.1;2012v2.2;2012v2.3;2012v3.0,2012,F,T,,
/Return/ReturnData/IRS990PF/SupplementaryInformationGrp/GrantOrContriApprvForFutGrp/RecipientForeignAddress/AddressLine1,PF_15_G_FUTURE_RECIP_ADDR_L1,Recipient Foreign Address - AddressLine1,[GrantOrContriApprvForFutGrp] Part XV Line 3b,F990-PF-PART-15-LINE-03B-COL-01,F990,PF,PART-15,Line 03b Column 01,PF,,text,MANY,PF-P15-T02-SUPPLEMENTARY-INFO-GRANT-FUTURE,,2013v3.0;2013v3.1;2013v4.0,2013,F,T,,
/Return/ReturnData/IRS990PF/SupplementaryInformationGrp/GrantOrContriApprvForFutGrp/RecipientForeignAddress/AddressLine1Txt,PF_15_G_FUTURE_RECIP_ADDR_L1,Recipient Foreign Address - AddressLine1Txt,[GrantOrContriApprvForFutGrp] Part XV Line 3b,F990-PF-PART-15-LINE-03B-COL-01,F990,PF,PART-15,Line 03b Column 01,PF,,text,MANY,PF-P15-T02-SUPPLEMENTARY-INFO-GRANT-FUTURE,,2014v5.0;2014v6.0;2015v2.0;2015v2.1;2015v3.0;2016v3.0,2016,F,T,,
/Return/ReturnData/IRS990PF/SupplementaryInformationGrp/GrantOrContriApprvForFutGrp/RecipientUSAddress/AddressLine1,PF_15_G_FUTURE_RECIP_ADDR_L1,Recipient USAddress - AddressLine1,[GrantOrContriApprvForFutGrp] Part XV Line 3b,F990-PF-PART-15-LINE-03B-COL-01,F990,PF,PART-15,Line 03b Column 01,PF,,text,MANY,PF-P15-T02-SUPPLEMENTARY-INFO-GRANT-FUTURE,,2013v3.0;2013v3.1;2013v4.0,2013,F,T,,
/Return/ReturnData/IRS990PF/SupplementaryInformationGrp/GrantOrContriApprvForFutGrp/RecipientUSAddress/AddressLine1Txt,PF_15_G_FUTURE_RECIP_ADDR_L1,Recipient USAddress - AddressLine1Txt,[GrantOrContriApprvForFutGrp] Part XV Line 3b,F990-PF-PART-15-LINE-03B-COL-01,F990,PF,PART-15,Line 03b Column 01,PF,,text,MANY,PF-P15-T02-SUPPLEMENTARY-INFO-GRANT-FUTURE,,2014v5.0;2014v6.0;2015v2.0;2015v2.1;2015v3.0;2016v3.0,2016,F,T,,
/Return/ReturnData/IRS990PF/SupplementaryInfomation/GrantOrContriApprovedForFuture/RecipientForeignAddress/AddressLine2,PF_15_G_FUTURE_RECIP_ADDR_L2,Recipient Foreign Address - AddressLine2,,F990-PF-PART-15-LINE-03B-COL-01,F990,PF,PART-15,Line 03b Column 01,PF,,text,MANY,PF-P15-T02-SUPPLEMENTARY-INFO-GRANT-FUTURE,,,,,,,
/Return/ReturnData/IRS990PF/SupplementaryInfomation/GrantOrContriApprovedForFuture/RecipientUSAddress/AddressLine2,PF_15_G_FUTURE_RECIP_ADDR_L2,Recipient USAddress - AddressLine2,,F990-PF-PART-15-LINE-03B-COL-01,F990,PF,PART-15,Line 03b Column 01,PF,,text,MANY,PF-P15-T02-SUPPLEMENTARY-INFO-GRANT-FUTURE,,,,,,,
/Return/ReturnData/IRS990PF/SupplementaryInformation/GrantOrContriApprovedForFuture/RecipientForeignAddress/AddressLine2,PF_15_G_FUTURE_RECIP_ADDR_L2,Recipient Foreign Address - AddressLine2,[GrantOrContriApprovedForFuture] Part XV Line 3b,F990-PF-PART-15-LINE-03B-COL-01,F990,PF,PART-15,Line 03b Column 01,PF,,text,MANY,PF-P15-T02-SUPPLEMENTARY-INFO-GRANT-FUTURE,,2009v1.0;2009v1.1;2009v1.2;2009v1.3;2009v1.4;2009v1.7;2010v3.2;2010v3.4;2010v3.6;2010v3.7;2011v1.2;2011v1.3;2011v1.4;2011v1.5;2012v2.0;2012v2.1;2012v2.2;2012v2.3;2012v3.0,2012,F,T,,
/Return/ReturnData/IRS990PF/SupplementaryInformation/GrantOrContriApprovedForFuture/RecipientUSAddress/AddressLine2,PF_15_G_FUTURE_RECIP_ADDR_L2,Recipient USAddress - AddressLine2,[GrantOrContriApprovedForFuture] Part XV Line 3b,F990-PF-PART-15-LINE-03B-COL-01,F990,PF,PART-15,Line 03b Column 01,PF,,text,MANY,PF-P15-T02-SUPPLEMENTARY-INFO-GRANT-FUTURE,,2009v1.0;2009v1.1;2009v1.2;2009v1.3;2009v1.4;2009v1.7;2010v3.2;2010v3.4;2010v3.6;2010v3.7;2011v1.2;2011v1.3;2011v1.4;2011v1.5;2012v2.0;2012v2.1;2012v2.2;2012v2.3;2012v3.0,2012,F,T,,
/Return/ReturnData/IRS990PF/SupplementaryInformationGrp/GrantOrContriApprvForFutGrp/RecipientForeignAddress/AddressLine2,PF_15_G_FUTURE_RECIP_ADDR_L2,Recipient Foreign Address - AddressLine2,[GrantOrContriApprvForFutGrp] Part XV Line 3b,F990-PF-PART-15-LINE-03B-COL-01,F990,PF,PART-15,Line 03b Column 01,PF,,text,MANY,PF-P15-T02-SUPPLEMENTARY-INFO-GRANT-FUTURE,,2013v3.0;2013v3.1;2013v4.0,2013,F,T,,
/Return/ReturnData/IRS990PF/SupplementaryInformationGrp/GrantOrContriApprvForFutGrp/RecipientForeignAddress/AddressLine2Txt,PF_15_G_FUTURE_RECIP_ADDR_L2,Recipient Foreign Address - AddressLine2Txt,[GrantOrContriApprvForFutGrp] Part XV Line 3b,F990-PF-PART-15-LINE-03B-COL-01,F990,PF,PART-15,Line 03b Column 01,PF,,text,MANY,PF-P15-T02-SUPPLEMENTARY-INFO-GRANT-FUTURE,,2014v5.0;2014v6.0;2015v2.0;2015v2.1;2015v3.0;2016v3.0,2016,F,T,,
/Return/ReturnData/IRS990PF/SupplementaryInformationGrp/GrantOrContriApprvForFutGrp/RecipientUSAddress/AddressLine2,PF_15_G_FUTURE_RECIP_ADDR_L2,Recipient USAddress - AddressLine2,[GrantOrContriApprvForFutGrp] Part XV Line 3b,F990-PF-PART-15-LINE-03B-COL-01,F990,PF,PART-15,Line 03b Column 01,PF,,text,MANY,PF-P15-T02-SUPPLEMENTARY-INFO-GRANT-FUTURE,,2013v3.0;2013v3.1;2013v4.0,2013,F,T,,
/Return/ReturnData/IRS990PF/SupplementaryInformationGrp/GrantOrContriApprvForFutGrp/RecipientUSAddress/AddressLine2Txt,PF_15_G_FUTURE_RECIP_ADDR_L2,Recipient USAddress - AddressLine2Txt,[GrantOrContriApprvForFutGrp] Part XV Line 3b,F990-PF-PART-15-LINE-03B-COL-01,F990,PF,PART-15,Line 03b Column 01,PF,,text,MANY,PF-P15-T02-SUPPLEMENTARY-INFO-GRANT-FUTURE,,2014v5.0;2014v6.0;2015v2.0;2015v2.1;2015v3.0;2016v3.0,2016,F,T,,
/Return/ReturnData/IRS990PF/SupplementaryInfomation/GrantOrContriApprovedForFuture/RecipientForeignAddress/ProvinceOrState,PF_15_G_FUTURE_RECIP_ADDR_STATE,Province or state,,F990-PF-PART-15-LINE-03B-COL-01,F990,PF,PART-15,Line 03b Column 01,PF,,text,MANY,PF-P15-T02-SUPPLEMENTARY-INFO-GRANT-FUTURE,,,,,,,
/Return/ReturnData/IRS990PF/SupplementaryInfomation/GrantOrContriApprovedForFuture/RecipientUSAddress/State,PF_15_G_FUTURE_RECIP_ADDR_STATE,Recipient USAddress - State,,F990-PF-PART-15-LINE-03B-COL-01,F990,PF,PART-15,Line 03b Column 01,PF,,text,MANY,PF-P15-T02-SUPPLEMENTARY-INFO-GRANT-FUTURE,,,,,,,
/Return/ReturnData/IRS990PF/SupplementaryInformation/GrantOrContriApprovedForFuture/RecipientForeignAddress/ProvinceOrState,PF_15_G_FUTURE_RECIP_ADDR_STATE,Province or state,[GrantOrContriApprovedForFuture] Part XV Line 3b,F990-PF-PART-15-LINE-03B-COL-01,F990,PF,PART-15,Line 03b Column 01,PF,,text,MANY,PF-P15-T02-SUPPLEMENTARY-INFO-GRANT-FUTURE,,2009v1.0;2009v1.1;2009v1.2;2009v1.3;2009v1.4;2009v1.7;2010v3.2;2010v3.4;2010v3.6;2010v3.7;2011v1.2;2011v1.3;2011v1.4;2011v1.5;2012v2.0;2012v2.1;2012v2.2;2012v2.3;2012v3.0,2012,F,T,,
/Return/ReturnData/IRS990PF/SupplementaryInformation/GrantOrContriApprovedForFuture/RecipientUSAddress/State,PF_15_G_FUTURE_RECIP_ADDR_STATE,Recipient USAddress - State,[GrantOrContriApprovedForFuture] Part XV Line 3b,F990-PF-PART-15-LINE-03B-COL-01,F990,PF,PART-15,Line 03b Column 01,PF,,text,MANY,PF-P15-T02-SUPPLEMENTARY-INFO-GRANT-FUTURE,,2009v1.0;2009v1.1;2009v1.2;2009v1.3;2009v1.4;2009v1.7;2010v3.2;2010v3.4;2010v3.6;2010v3.7;2011v1.2;2011v1.3;2011v1.4;2011v1.5;2012v2.0;2012v2.1;2012v2.2;2012v2.3;2012v3.0,2012,F,T,,
/Return/ReturnData/IRS990PF/SupplementaryInformationGrp/GrantOrContriApprvForFutGrp/RecipientForeignAddress/ProvinceOrState,PF_15_G_FUTURE_RECIP_ADDR_STATE,Province or state,[GrantOrContriApprvForFutGrp] Part XV Line 3b,F990-PF-PART-15-LINE-03B-COL-01,F990,PF,PART-15,Line 03b Column 01,PF,,text,MANY,PF-P15-T02-SUPPLEMENTARY-INFO-GRANT-FUTURE,,2013v3.0;2013v3.1;2013v4.0,2013,F,T,,
/Return/ReturnData/IRS990PF/SupplementaryInformationGrp/GrantOrContriApprvForFutGrp/RecipientForeignAddress/ProvinceOrStateNm,PF_15_G_FUTURE_RECIP_ADDR_STATE,Province or state,[GrantOrContriApprvForFutGrp] Part XV Line 3b,F990-PF-PART-15-LINE-03B-COL-01,F990,PF,PART-15,Line 03b Column 01,PF,,text,MANY,PF-P15-T02-SUPPLEMENTARY-INFO-GRANT-FUTURE,,2014v5.0;2014v6.0;2015v2.0;2015v2.1;2015v3.0;2016v3.0,2016,F,T,,
/Return/ReturnData/IRS990PF/SupplementaryInformationGrp/GrantOrContriApprvForFutGrp/RecipientUSAddress/State,PF_15_G_FUTURE_RECIP_ADDR_STATE,Recipient USAddress - State,[GrantOrContriApprvForFutGrp] Part XV Line 3b,F990-PF-PART-15-LINE-03B-COL-01,F990,PF,PART-15,Line 03b Column 01,PF,,text,MANY,PF-P15-T02-SUPPLEMENTARY-INFO-GRANT-FUTURE,,2013v3.0;2013v3.1;2013v4.0,2013,F,T,,
/Return/ReturnData/IRS990PF/SupplementaryInformationGrp/GrantOrContriApprvForFutGrp/RecipientUSAddress/StateAbbreviationCd,PF_15_G_FUTURE_RECIP_ADDR_STATE,Recipient USAddress - StateAbbreviationCd,[GrantOrContriApprvForFutGrp] Part XV Line 3b,F990-PF-PART-15-LINE-03B-COL-01,F990,PF,PART-15,Line 03b Column 01,PF,,text,MANY,PF-P15-T02-SUPPLEMENTARY-INFO-GRANT-FUTURE,,2014v5.0;2014v6.0;2015v2.0;2015v2.1;2015v3.0;2016v3.0,2016,F,T,,
/Return/ReturnData/IRS990PF/SupplementaryInfomation/GrantOrContriApprovedForFuture/RecipientForeignAddress/PostalCode,PF_15_G_FUTURE_RECIP_ADDR_ZIP,Recipient Foreign Address - Postal code,,F990-PF-PART-15-LINE-03B-COL-01,F990,PF,PART-15,Line 03b Column 01,PF,,text,MANY,PF-P15-T02-SUPPLEMENTARY-INFO-GRANT-FUTURE,,,,,,,
/Return/ReturnData/IRS990PF/SupplementaryInfomation/GrantOrContriApprovedForFuture/RecipientUSAddress/ZIPCode,PF_15_G_FUTURE_RECIP_ADDR_ZIP,Recipient USAddress - ZIPCode,,F990-PF-PART-15-LINE-03B-COL-01,F990,PF,PART-15,Line 03b Column 01,PF,,text,MANY,PF-P15-T02-SUPPLEMENTARY-INFO-GRANT-FUTURE,,,,,,,
/Return/ReturnData/IRS990PF/SupplementaryInformation/GrantOrContriApprovedForFuture/RecipientForeignAddress/PostalCode,PF_15_G_FUTURE_RECIP_ADDR_ZIP,Recipient Foreign Address - Postal code,[GrantOrContriApprovedForFuture] Part XV Line 3b,F990-PF-PART-15-LINE-03B-COL-01,F990,PF,PART-15,Line 03b Column 01,PF,,text,MANY,PF-P15-T02-SUPPLEMENTARY-INFO-GRANT-FUTURE,,2009v1.0;2009v1.1;2009v1.2;2009v1.3;2009v1.4;2009v1.7;2010v3.2;2010v3.4;2010v3.6;2010v3.7;2011v1.2;2011v1.3;2011v1.4;2011v1.5;2012v2.0;2012v2.1;2012v2.2;2012v2.3;2012v3.0,2012,F,T,,
/Return/ReturnData/IRS990PF/SupplementaryInformation/GrantOrContriApprovedForFuture/RecipientUSAddress/ZIPCode,PF_15_G_FUTURE_RECIP_ADDR_ZIP,Recipient USAddress - ZIPCode,[GrantOrContriApprovedForFuture] Part XV Line 3b,F990-PF-PART-15-LINE-03B-COL-01,F990,PF,PART-15,Line 03b Column 01,PF,,text,MANY,PF-P15-T02-SUPPLEMENTARY-INFO-GRANT-FUTURE,,2009v1.0;2009v1.1;2009v1.2;2009v1.3;2009v1.4;2009v1.7;2010v3.2;2010v3.4;2010v3.6;2010v3.7;2011v1.2;2011v1.3;2011v1.4;2011v1.5;2012v2.0;2012v2.1;2012v2.2;2012v2.3;2012v3.0,2012,F,T,,
/Return/ReturnData/IRS990PF/SupplementaryInformationGrp/GrantOrContriApprvForFutGrp/RecipientForeignAddress/ForeignPostalCd,PF_15_G_FUTURE_RECIP_ADDR_ZIP,Recipient Foreign Address - Postal code,[GrantOrContriApprvForFutGrp] Part XV Line 3b,F990-PF-PART-15-LINE-03B-COL-01,F990,PF,PART-15,Line 03b Column 01,PF,,text,MANY,PF-P15-T02-SUPPLEMENTARY-INFO-GRANT-FUTURE,,2014v5.0;2014v6.0;2015v2.0;2015v2.1;2015v3.0;2016v3.0,2016,F,T,,
/Return/ReturnData/IRS990PF/SupplementaryInformationGrp/GrantOrContriApprvForFutGrp/RecipientForeignAddress/PostalCode,PF_15_G_FUTURE_RECIP_ADDR_ZIP,Recipient Foreign Address - Postal code,[GrantOrContriApprvForFutGrp] Part XV Line 3b,F990-PF-PART-15-LINE-03B-COL-01,F990,PF,PART-15,Line 03b Column 01,PF,,text,MANY,PF-P15-T02-SUPPLEMENTARY-INFO-GRANT-FUTURE,,2013v3.0;2013v3.1;2013v4.0,2013,F,T,,
/Return/ReturnData/IRS990PF/SupplementaryInformationGrp/GrantOrContriApprvForFutGrp/RecipientUSAddress/ZIPCd,PF_15_G_FUTURE_RECIP_ADDR_ZIP,Recipient USAddress - ZIPCd,[GrantOrContriApprvForFutGrp] Part XV Line 3b,F990-PF-PART-15-LINE-03B-COL-01,F990,PF,PART-15,Line 03b Column 01,PF,,text,MANY,PF-P15-T02-SUPPLEMENTARY-INFO-GRANT-FUTURE,,2014v5.0;2014v6.0;2015v2.0;2015v2.1;2015v3.0;2016v3.0,2016,F,T,,
/Return/ReturnData/IRS990PF/SupplementaryInformationGrp/GrantOrContriApprvForFutGrp/RecipientUSAddress/ZIPCode,PF_15_G_FUTURE_RECIP_ADDR_ZIP,Recipient USAddress - ZIPCode,[GrantOrContriApprvForFutGrp] Part XV Line 3b,F990-PF-PART-15-LINE-03B-COL-01,F990,PF,PART-15,Line 03b Column 01,PF,,text,MANY,PF-P15-T02-SUPPLEMENTARY-INFO-GRANT-FUTURE,,2013v3.0;2013v3.1;2013v4.0,2013,F,T,,
/Return/ReturnData/IRS990PF/SupplementaryInfomation/GrantOrContriApprovedForFuture/RecipientBusinessName/BusinessNameLine1,PF_15_G_FUTURE_RECIP_NAME_ORG_L1,Recipient Business Name - BusinessNameLine1,,F990-PF-PART-15-LINE-03B-COL-01,F990,PF,PART-15,Line 03b Column 01,PF,,text,MANY,PF-P15-T02-SUPPLEMENTARY-INFO-GRANT-FUTURE,,,,,,,
/Return/ReturnData/IRS990PF/SupplementaryInformation/GrantOrContriApprovedForFuture/RecipientBusinessName/BusinessNameLine1,PF_15_G_FUTURE_RECIP_NAME_ORG_L1,Recipient Business Name - BusinessNameLine1,[GrantOrContriApprovedForFuture] Part XV Line 3b,F990-PF-PART-15-LINE-03B-COL-01,F990,PF,PART-15,Line 03b Column 01,PF,,text,MANY,PF-P15-T02-SUPPLEMENTARY-INFO-GRANT-FUTURE,,2009v1.0;2009v1.1;2009v1.2;2009v1.3;2009v1.4;2009v1.7;2010v3.2;2010v3.4;2010v3.6;2010v3.7;2011v1.2;2011v1.3;2011v1.4;2011v1.5;2012v2.0;2012v2.1;2012v2.2;2012v2.3;2012v3.0,2012,F,T,,
/Return/ReturnData/IRS990PF/SupplementaryInformationGrp/GrantOrContriApprvForFutGrp/RecipientBusinessName/BusinessNameLine1,PF_15_G_FUTURE_RECIP_NAME_ORG_L1,Recipient Business Name - BusinessNameLine1,[GrantOrContriApprvForFutGrp] Part XV Line 3b,F990-PF-PART-15-LINE-03B-COL-01,F990,PF,PART-15,Line 03b Column 01,PF,,text,MANY,PF-P15-T02-SUPPLEMENTARY-INFO-GRANT-FUTURE,,2013v3.0;2013v3.1;2013v4.0,2013,F,T,,
/Return/ReturnData/IRS990PF/SupplementaryInformationGrp/GrantOrContriApprvForFutGrp/RecipientBusinessName/BusinessNameLine1Txt,PF_15_G_FUTURE_RECIP_NAME_ORG_L1,Recipient Business Name - BusinessNameLine1Txt,[GrantOrContriApprvForFutGrp] Part XV Line 3b,F990-PF-PART-15-LINE-03B-COL-01,F990,PF,PART-15,Line 03b Column 01,PF,,text,MANY,PF-P15-T02-SUPPLEMENTARY-INFO-GRANT-FUTURE,,2014v5.0;2014v6.0;2015v2.0;2015v2.1;2015v3.0;2016v3.0,2016,F,T,,
/Return/ReturnData/IRS990PF/SupplementaryInfomation/GrantOrContriApprovedForFuture/RecipientBusinessName/BusinessNameLine2,PF_15_G_FUTURE_RECIP_NAME_ORG_L2,Recipient Business Name - BusinessNameLine2,,F990-PF-PART-15-LINE-03B-COL-01,F990,PF,PART-15,Line 03b Column 01,PF,,text,MANY,PF-P15-T02-SUPPLEMENTARY-INFO-GRANT-FUTURE,,,,,,,
/Return/ReturnData/IRS990PF/SupplementaryInformation/GrantOrContriApprovedForFuture/RecipientBusinessName/BusinessNameLine2,PF_15_G_FUTURE_RECIP_NAME_ORG_L2,Recipient Business Name - BusinessNameLine2,[GrantOrContriApprovedForFuture] Part XV Line 3b,F990-PF-PART-15-LINE-03B-COL-01,F990,PF,PART-15,Line 03b Column 01,PF,,text,MANY,PF-P15-T02-SUPPLEMENTARY-INFO-GRANT-FUTURE,,2009v1.0;2009v1.1;2009v1.2;2009v1.3;2009v1.4;2009v1.7;2010v3.2;2010v3.4;2010v3.6;2010v3.7;2011v1.2;2011v1.3;2011v1.4;2011v1.5;2012v2.0;2012v2.1;2012v2.2;2012v2.3;2012v3.0,2012,F,T,,
/Return/ReturnData/IRS990PF/SupplementaryInformationGrp/GrantOrContriApprvForFutGrp/RecipientBusinessName/BusinessNameLine2,PF_15_G_FUTURE_RECIP_NAME_ORG_L2,Recipient Business Name - BusinessNameLine2,[GrantOrContriApprvForFutGrp] Part XV Line 3b,F990-PF-PART-15-LINE-03B-COL-01,F990,PF,PART-15,Line 03b Column 01,PF,,text,MANY,PF-P15-T02-SUPPLEMENTARY-INFO-GRANT-FUTURE,,2013v3.0;2013v3.1;2013v4.0,2013,F,T,,
/Return/ReturnData/IRS990PF/SupplementaryInformationGrp/GrantOrContriApprvForFutGrp/RecipientBusinessName/BusinessNameLine2Txt,PF_15_G_FUTURE_RECIP_NAME_ORG_L2,Recipient Business Name - BusinessNameLine2Txt,[GrantOrContriApprvForFutGrp] Part XV Line 3b,F990-PF-PART-15-LINE-03B-COL-01,F990,PF,PART-15,Line 03b Column 01,PF,,text,MANY,PF-P15-T02-SUPPLEMENTARY-INFO-GRANT-FUTURE,,2014v5.0;2014v6.0;2015v2.0;2015v2.1;2015v3.0;2016v3.0,2016,F,T,,
/Return/ReturnData/IRS990PF/SupplementaryInfomation/GrantOrContriApprovedForFuture/RecipientPersonName,PF_15_G_FUTURE_RECIP_NAME_PERS,Recipient Person Name,,F990-PF-PART-15-LINE-03B-COL-01,F990,PF,PART-15,Line 03b Column 01,PF,,text,MANY,PF-P15-T02-SUPPLEMENTARY-INFO-GRANT-FUTURE,,,,,,,
/Return/ReturnData/IRS990PF/SupplementaryInformation/GrantOrContriApprovedForFuture/RecipientPersonName,PF_15_G_FUTURE_RECIP_NAME_PERS,Recipient Person Name,[GrantOrContriApprovedForFuture] Part XV Line 3b,F990-PF-PART-15-LINE-03B-COL-01,F990,PF,PART-15,Line 03b Column 01,PF,,text,MANY,PF-P15-T02-SUPPLEMENTARY-INFO-GRANT-FUTURE,,2009v1.0;2009v1.1;2009v1.2;2009v1.3;2009v1.4;2009v1.7;2010v3.2;2010v3.4;2010v3.6;2010v3.7;2011v1.2;2011v1.3;2011v1.4;2011v1.5;2012v2.0;2012v2.1;2012v2.2;2012v2.3;2012v3.0,2012,F,T,,
/Return/ReturnData/IRS990PF/SupplementaryInformationGrp/GrantOrContriApprvForFutGrp/RecipientPersonNm,PF_15_G_FUTURE_RECIP_NAME_PERS,Recipient Person Name,[GrantOrContriApprvForFutGrp] Part XV Line 3b,F990-PF-PART-15-LINE-03B-COL-01,F990,PF,PART-15,Line 03b Column 01,PF,,text,MANY,PF-P15-T02-SUPPLEMENTARY-INFO-GRANT-FUTURE,,2013v3.0;2013v3.1;2013v4.0;2014v5.0;2014v6.0;2015v2.0;2015v2.1;2015v3.0;2016v3.0,2016,F,T,,
/Return/ReturnData/IRS990PF/SupplementaryInfomation/GrantOrContriApprovedForFuture/RecipientRelationship,PF_15_G_FUTURE_RELATIONSHIP,Recipient Relationship to Foundation Manager or Substantial Contributor,,F990-PF-PART-15-LINE-03B-COL-02,F990,PF,PART-15,Line 03b Column 02,PF,,text,MANY,PF-P15-T02-SUPPLEMENTARY-INFO-GRANT-FUTURE,,,,,,,
/Return/ReturnData/IRS990PF/SupplementaryInformation/GrantOrContriApprovedForFuture/RecipientRelationship,PF_15_G_FUTURE_RELATIONSHIP,Recipient Relationship to Foundation Manager or Substantial Contributor,[GrantOrContriApprovedForFuture] Part XV Line 3b,F990-PF-PART-15-LINE-03B-COL-02,F990,PF,PART-15,Line 03b Column 02,PF,,text,MANY,PF-P15-T02-SUPPLEMENTARY-INFO-GRANT-FUTURE,,2009v1.0;2009v1.1;2009v1.2;2009v1.3;2009v1.4;2009v1.7;2010v3.2;2010v3.4;2010v3.6;2010v3.7;2011v1.2;2011v1.3;2011v1.4;2011v1.5;2012v2.0;2012v2.1;2012v2.2;2012v2.3;2012v3.0,2012,F,T,,
/Return/ReturnData/IRS990PF/SupplementaryInformationGrp/GrantOrContriApprvForFutGrp/RecipientRelationshipTxt,PF_15_G_FUTURE_RELATIONSHIP,Recipient Relationship to Foundation Manager or Substantial Contributor,[GrantOrContriApprvForFutGrp] Part XV Line 3b,F990-PF-PART-15-LINE-03B-COL-02,F990,PF,PART-15,Line 03b Column 02,PF,,text,MANY,PF-P15-T02-SUPPLEMENTARY-INFO-GRANT-FUTURE,,2013v3.0;2013v3.1;2013v4.0;2014v5.0;2014v6.0;2015v2.0;2015v2.1;2015v3.0;2016v3.0,2016,F,T,,
/Return/ReturnData/IRS990PF/SupplementaryInfomation/GrantOrContriApprovedForFuture/RecipientFoundationStatus,PF_15_G_FUTURE_RECIP_STAT,Recipient's Foundation Status,,F990-PF-PART-15-LINE-03B-COL-03,F990,PF,PART-15,Line 03b Column 03,PF,,text,MANY,PF-P15-T02-SUPPLEMENTARY-INFO-GRANT-FUTURE,,,,,,,
/Return/ReturnData/IRS990PF/SupplementaryInformation/GrantOrContriApprovedForFuture/RecipientFoundationStatus,PF_15_G_FUTURE_RECIP_STAT,Recipient's Foundation Status,[GrantOrContriApprovedForFuture] Part XV Line 3b,F990-PF-PART-15-LINE-03B-COL-03,F990,PF,PART-15,Line 03b Column 03,PF,,text,MANY,PF-P15-T02-SUPPLEMENTARY-INFO-GRANT-FUTURE,,2009v1.0;2009v1.1;2009v1.2;2009v1.3;2009v1.4;2009v1.7;2010v3.2;2010v3.4;2010v3.6;2010v3.7;2011v1.2;2011v1.3;2011v1.4;2011v1.5;2012v2.0;2012v2.1;2012v2.2;2012v2.3;2012v3.0,2012,F,T,,
/Return/ReturnData/IRS990PF/SupplementaryInformationGrp/GrantOrContriApprvForFutGrp/RecipientFoundationStatusTxt,PF_15_G_FUTURE_RECIP_STAT,Recipient's Foundation Status,[GrantOrContriApprvForFutGrp] Part XV Line 3b,F990-PF-PART-15-LINE-03B-COL-03,F990,PF,PART-15,Line 03b Column 03,PF,,text,MANY,PF-P15-T02-SUPPLEMENTARY-INFO-GRANT-FUTURE,,2013v3.0;2013v3.1;2013v4.0;2014v5.0;2014v6.0;2015v2.0;2015v2.1;2015v3.0;2016v3.0,2016,F,T,,
/Return/ReturnData/IRS990PF/SupplementaryInfomation/GrantOrContriApprovedForFuture/PurposeOfGrantOrContribution,PF_15_G_FUTURE_PURPOSE,Purpose of Grant or Contribution,,F990-PF-PART-15-LINE-03B-COL-04,F990,PF,PART-15,Line 03b Column 04,PF,,text,MANY,PF-P15-T02-SUPPLEMENTARY-INFO-GRANT-FUTURE,,,,,,,
/Return/ReturnData/IRS990PF/SupplementaryInformation/GrantOrContriApprovedForFuture/PurposeOfGrantOrContribution,PF_15_G_FUTURE_PURPOSE,Purpose of Grant or Contribution,[GrantOrContriApprovedForFuture] Part XV Line 3b,F990-PF-PART-15-LINE-03B-COL-04,F990,PF,PART-15,Line 03b Column 04,PF,,text,MANY,PF-P15-T02-SUPPLEMENTARY-INFO-GRANT-FUTURE,,2009v1.0;2009v1.1;2009v1.2;2009v1.3;2009v1.4;2009v1.7;2010v3.2;2010v3.4;2010v3.6;2010v3.7;2011v1.2;2011v1.3;2011v1.4;2011v1.5;2012v2.0;2012v2.1;2012v2.2;2012v2.3;2012v3.0,2012,F,T,,
/Return/ReturnData/IRS990PF/SupplementaryInformationGrp/GrantOrContriApprvForFutGrp/GrantOrContributionPurposeTxt,PF_15_G_FUTURE_PURPOSE,Purpose of Grant or Contribution,[GrantOrContriApprvForFutGrp] Part XV Line 3b,F990-PF-PART-15-LINE-03B-COL-04,F990,PF,PART-15,Line 03b Column 04,PF,,text,MANY,PF-P15-T02-SUPPLEMENTARY-INFO-GRANT-FUTURE,,2013v3.0;2013v3.1;2013v4.0;2014v5.0;2014v6.0;2015v2.0;2015v2.1;2015v3.0;2016v3.0,2016,F,T,,
/Return/ReturnData/IRS990PF/SupplementaryInfomation/GrantOrContriApprovedForFuture/Amount,PF_15_G_FUTURE_AMT,Grant Or Contri Approved For Future - Amount,,F990-PF-PART-15-LINE-03B-COL-05,F990,PF,PART-15,Line 03b Column 05,PF,,numeric,MANY,PF-P15-T02-SUPPLEMENTARY-INFO-GRANT-FUTURE,,,,,,,
/Return/ReturnData/IRS990PF/SupplementaryInformation/GrantOrContriApprovedForFuture/Amount,PF_15_G_FUTURE_AMT,Grant Or Contri Approved For Future - Amount,[GrantOrContriApprovedForFuture] Part XV Line 3b,F990-PF-PART-15-LINE-03B-COL-05,F990,PF,PART-15,Line 03b Column 05,PF,,numeric,MANY,PF-P15-T02-SUPPLEMENTARY-INFO-GRANT-FUTURE,,2009v1.0;2009v1.1;2009v1.2;2009v1.3;2009v1.4;2009v1.7;2010v3.2;2010v3.4;2010v3.6;2010v3.7;2011v1.2;2011v1.3;2011v1.4;2011v1.5;2012v2.0;2012v2.1;2012v2.2;2012v2.3;2012v3.0,2012,F,T,,
/Return/ReturnData/IRS990PF/SupplementaryInformationGrp/GrantOrContriApprvForFutGrp/Amt,PF_15_G_FUTURE_AMT,Grant Or Contri Apprv For Fut Grp - Amount,[GrantOrContriApprvForFutGrp] Part XV Line 3b,F990-PF-PART-15-LINE-03B-COL-05,F990,PF,PART-15,Line 03b Column 05,PF,,numeric,MANY,PF-P15-T02-SUPPLEMENTARY-INFO-GRANT-FUTURE,,2013v3.0;2013v3.1;2013v4.0;2014v5.0;2014v6.0;2015v2.0;2015v2.1;2015v3.0;2016v3.0,2016,F,T,,
/Return/ReturnData/IRS990PF/SupplementaryInfomation/TotGrantOrContriApprovedFuture,PF_15_G_FUTURE_AMT_TOT,Total Grant or Contribution Approved for Future Payment,,F990-PF-PART-15-LINE-03B-COL-05-TOT,F990,PF,PART-15,Line 03b Column 05 Tot,PF,,numeric,ONE,PF-P15-T00-SUPPLEMENTARY-INFO-GRANT-FUTURE,,,,,,,
/Return/ReturnData/IRS990PF/SupplementaryInformation/TotGrantOrContriApprovedFuture,PF_15_G_FUTURE_AMT_TOT,Total Grant or Contribution Approved for Future Payment,[TotGrantOrContriApprovedFuture] Part XV Line 3b Total,F990-PF-PART-15-LINE-03B-COL-05-TOT,F990,PF,PART-15,Line 03b Column 05 Tot,PF,,numeric,ONE,PF-P15-T00-SUPPLEMENTARY-INFO-GRANT-FUTURE,,2009v1.0;2009v1.1;2009v1.2;2009v1.3;2009v1.4;2009v1.7;2010v3.2;2010v3.4;2010v3.6;2010v3.7;2011v1.2;2011v1.3;2011v1.4;2011v1.5;2012v2.0;2012v2.1;2012v2.2;2012v2.3;2012v3.0,2012,F,T,,
/Return/ReturnData/IRS990PF/SupplementaryInformationGrp/TotalGrantOrContriApprvFutAmt,PF_15_G_FUTURE_AMT_TOT,Total Grant or Contribution Approved for Future Payment,[TotalGrantOrContriApprvFutAmt] Part XV Line 3b Total,F990-PF-PART-15-LINE-03B-COL-05-TOT,F990,PF,PART-15,Line 03b Column 05 Tot,PF,,numeric,ONE,PF-P15-T00-SUPPLEMENTARY-INFO-GRANT-FUTURE,,2013v3.0;2013v3.1;2013v4.0;2014v5.0;2014v6.0;2015v2.0;2015v2.1;2015v3.0;2016v3.0,2016,F,T,,
